fecha,n1,n2,n3,n4,n5,n6,complementario,reintegro
2026-01-10,4,7,8,22,40,49,44,2
2026-01-08,2,3,17,21,33,34,11,7
2026-01-05,2,3,17,21,33,34,11,7
2026-01-03,6,15,20,22,26,36,18,6
2026-01-01,7,16,30,36,39,40,49,2
2025-12-29,13,30,35,41,47,48,6,1
2025-12-27,8,12,16,17,40,46,3,5
2025-12-25,2,13,22,32,43,47,3,0
2025-12-22,2,10,17,23,29,46,1,3
2025-12-20,6,9,16,30,32,43,37,5
2025-12-18,8,12,21,23,27,43,47,2
2025-12-15,8,14,25,27,31,36,39,1
2025-12-13,1,2,6,10,11,43,7,1
2025-12-11,12,13,14,20,38,46,31,0
2025-12-08,3,12,17,34,40,43,8,5
2025-12-06,3,4,26,28,30,33,43,1
2025-12-04,1,2,8,12,40,47,23,0
2025-12-01,2,16,28,38,41,47,8,6
2025-11-29,20,31,35,36,37,46,25,8
2025-11-27,1,13,26,31,32,35,10,3
2025-11-24,12,19,22,26,29,38,33,3
2025-11-22,9,12,15,22,34,48,13,5
2025-11-20,2,3,7,31,41,49,22,0
2025-11-17,2,8,12,13,45,46,4,2
2025-11-15,23,31,32,39,41,48,49,2
2025-11-13,2,6,7,25,41,49,48,7
2025-11-10,6,8,17,18,25,28,11,8
2025-11-08,2,17,22,25,32,40,44,8
2025-11-06,11,16,18,37,45,46,22,9
2025-11-03,14,19,29,37,40,41,48,9
2025-11-01,4,10,16,17,36,47,7,2
2025-10-30,8,9,19,34,39,42,13,2
2025-10-27,13,23,24,38,42,45,25,6
2025-10-25,5,13,14,36,44,46,12,1
2025-10-23,7,15,17,34,47,49,40,5
2025-10-20,2,8,14,24,28,39,43,3
2025-10-18,6,15,20,21,28,49,8,0
2025-10-16,2,4,7,13,19,34,17,6
2025-10-13,1,4,20,25,31,36,26,9
2025-10-11,8,10,29,38,45,47,43,6
2025-10-09,9,11,16,27,29,45,38,1
2025-10-06,10,12,14,19,30,44,8,4
2025-10-04,10,12,25,39,41,46,44,2
2025-10-02,5,18,26,29,34,39,8,9
2025-09-29,1,8,14,25,34,49,16,0
2025-09-27,18,27,33,41,44,46,6,7
2025-09-25,6,14,28,29,33,38,25,1
2025-09-22,18,21,24,26,46,48,36,4
2025-09-20,20,32,34,35,38,39,43,0
2025-09-18,4,7,15,17,19,38,22,8
2025-09-15,1,5,8,10,16,28,4,8
2025-09-13,9,14,18,19,23,30,15,1
2025-09-11,19,23,32,35,36,45,43,9
2025-09-08,2,7,9,26,36,46,18,3
2025-09-06,9,12,19,22,29,40,44,4
2025-09-04,8,9,17,28,41,46,44,8
2025-09-01,8,9,15,29,39,46,24,2
2025-08-30,6,28,36,40,41,48,39,8
2025-08-28,2,11,12,19,38,45,21,5
2025-08-25,6,7,16,26,39,49,17,9
2025-08-23,14,25,31,40,43,49,33,4
2025-08-21,6,22,34,38,43,46,36,2
2025-08-18,5,6,8,23,46,47,18,2
2025-08-16,11,14,22,45,46,48,30,6
2025-08-14,7,11,12,16,36,43,26,2
2025-08-11,11,20,32,40,44,46,15,8
2025-08-09,10,19,20,25,27,33,9,9
2025-08-07,3,13,19,21,24,26,33,7
2025-08-04,4,18,32,34,43,46,39,0
2025-08-02,8,36,40,42,43,48,41,9
2025-07-31,8,14,18,24,33,38,36,7
2025-07-28,4,15,24,37,38,40,19,5
2025-07-26,10,16,22,29,44,47,21,4
2025-07-24,18,19,24,28,32,44,23,8
2025-07-21,1,6,16,23,30,40,36,0
2025-07-19,15,16,20,39,40,47,19,4
2025-07-17,12,16,30,32,41,47,46,3
2025-07-14,4,6,17,20,45,46,26,1
2025-07-12,9,23,28,38,44,47,34,0
2025-07-10,9,10,13,17,44,47,38,2
2025-07-07,4,9,34,36,37,43,14,4
2025-07-05,5,14,19,20,27,37,43,3
2025-07-03,3,23,24,25,43,45,29,0
2025-06-30,3,19,21,31,42,49,22,4
2025-06-28,5,6,9,30,32,36,45,2
2025-06-26,15,20,26,38,39,41,32,4
2025-06-23,22,25,29,35,39,41,38,5
2025-06-21,12,25,43,44,45,49,27,4
2025-06-19,7,13,21,38,41,46,34,9
2025-06-16,12,16,23,25,33,39,35,0
2025-06-14,4,6,8,18,28,42,10,1
2025-06-12,10,30,36,38,43,46,17,0
2025-06-09,4,6,13,15,31,35,16,1
2025-06-07,5,14,19,33,45,46,7,3
2025-06-05,17,18,24,34,37,39,14,8
2025-06-02,7,20,23,38,40,45,30,3
2025-05-31,5,6,14,24,35,45,49,9
2025-05-29,1,3,10,23,35,38,17,7
2025-05-26,4,13,28,33,41,43,9,2
2025-05-24,5,14,19,35,41,46,31,0
2025-05-22,1,15,16,18,23,41,2,1
2025-05-19,28,29,32,43,46,47,30,9
2025-05-17,1,16,23,24,29,44,28,2
2025-05-15,4,16,28,35,39,42,30,5
2025-05-12,5,10,33,35,44,48,7,5
2025-05-10,1,8,13,23,31,39,15,8
2025-05-08,18,27,30,31,32,40,2,8
2025-05-05,22,29,30,35,39,45,14,9
2025-05-03,1,4,16,25,33,37,15,4
2025-05-01,18,19,30,39,45,49,23,9
2025-04-28,2,13,17,39,43,46,21,1
2025-04-26,11,16,17,26,44,46,22,9
2025-04-24,10,20,23,30,37,39,41,9
2025-04-21,9,17,24,25,35,38,12,3
2025-04-19,2,4,17,30,34,46,8,2
2025-04-17,2,4,6,32,33,39,27,3
2025-04-14,1,22,23,32,34,35,27,8
2025-04-12,5,15,18,24,42,45,11,7
2025-04-10,4,14,15,39,45,46,42,9
2025-04-07,3,4,7,8,22,33,1,8
2025-04-05,1,7,17,19,21,37,26,2
2025-04-03,4,8,9,14,23,45,12,4
2025-03-31,6,12,21,26,27,34,44,9
2025-03-29,2,12,18,19,24,30,32,9
2025-03-27,8,10,24,31,44,45,17,0
2025-03-24,2,3,11,24,46,49,23,5
2025-03-22,3,13,36,38,41,44,49,8
2025-03-20,3,7,20,26,38,48,35,8
2025-03-17,5,9,11,28,30,31,29,1
2025-03-15,6,22,28,40,44,49,12,3
2025-03-13,11,18,28,33,43,47,13,1
2025-03-10,4,7,15,37,48,49,5,1
2025-03-08,6,17,24,31,37,47,29,1
2025-03-06,3,15,16,27,31,35,11,6
2025-03-03,8,24,38,39,46,48,14,1
2025-03-01,6,8,18,27,30,40,42,5
2025-02-27,1,14,18,35,45,49,9,2
2025-02-24,17,21,25,31,42,43,45,2
2025-02-22,13,20,30,37,40,41,45,3
2025-02-20,10,19,23,36,39,45,20,1
2025-02-17,13,21,27,29,35,46,41,9
2025-02-15,2,12,21,29,37,44,23,0
2025-02-13,7,20,22,28,42,48,32,3
2025-02-10,6,8,21,34,37,41,3,0
2025-02-08,7,12,18,24,25,26,29,0
2025-02-06,11,14,15,16,23,25,47,9
2025-02-03,13,14,18,20,40,42,5,1
2025-02-01,9,11,28,34,39,40,1,5
2025-01-30,6,7,19,21,29,33,25,0
2025-01-27,24,27,28,30,33,47,11,0
2025-01-25,2,12,15,22,31,47,40,2
2025-01-23,2,12,15,19,26,41,42,4
2025-01-20,6,15,21,26,30,44,23,2
2025-01-18,12,13,21,28,41,42,29,0
2025-01-16,5,11,15,37,41,48,46,1
2025-01-13,2,10,17,24,39,42,19,2
2025-01-11,10,12,16,29,45,49,4,8
2025-01-09,3,5,15,20,26,28,23,6
2025-01-06,6,24,27,31,33,34,30,7
2025-01-04,6,16,20,30,32,37,15,0
2025-01-02,6,8,10,14,31,47,17,2
