fecha,n1,n2,n3,n4,n5,estrella1,estrella2
2004-02-13,6,18,23,36,40,5,11
2004-02-17,1,11,20,30,45,6,10
2004-02-20,2,4,16,21,34,7,8
2004-02-24,10,15,28,34,50,1,5
2004-02-27,2,14,20,33,36,2,7
2004-03-02,13,23,26,29,32,6,9
2004-03-05,30,35,40,44,50,1,6
2004-03-09,14,15,25,46,50,4,10
2004-03-12,4,12,24,41,45,10,11
2004-03-16,15,19,25,37,47,1,7
2004-03-19,8,15,17,19,48,1,3
2004-03-23,2,16,21,24,28,1,4
2004-03-26,7,13,17,33,37,2,4
2004-03-30,14,23,34,38,42,2,6
2004-04-02,1,31,39,42,50,1,3
2004-04-06,10,28,41,45,48,5,7
2004-04-09,10,11,22,23,41,3,11
2004-04-13,1,2,7,15,40,2,9
2004-04-16,16,17,19,30,32,1,8
2004-04-20,1,2,3,4,32,2,8
2004-04-23,14,19,25,34,43,4,5
2004-04-27,1,6,30,38,40,4,5
2004-04-30,5,12,20,22,30,2,9
2004-05-04,10,19,35,36,44,3,9
2004-05-07,16,20,32,42,43,3,10
2004-05-11,20,31,32,37,50,4,11
2004-05-14,4,11,36,37,41,2,4
2004-05-18,21,30,31,37,48,7,8
2004-05-21,11,21,22,38,49,1,5
2004-05-25,1,9,17,35,48,7,11
2004-05-28,3,20,30,32,48,3,12
2004-06-01,1,27,29,33,50,4,6
2004-06-04,13,25,28,30,31,4,10
2004-06-08,6,27,31,36,47,1,6
2004-06-11,6,27,29,39,42,1,6
2004-06-15,4,20,25,26,41,4,9
2004-06-18,1,17,18,34,48,2,8
2004-06-22,20,23,24,47,50,3,9
2004-06-25,9,12,27,29,30,9,10
2004-06-29,1,30,31,33,36,8,11
2004-07-02,4,20,32,42,46,7,10
2004-07-06,1,15,29,30,47,2,4
2004-07-09,2,8,21,43,47,3,8
2004-07-13,6,20,22,29,47,1,8
2004-07-16,2,6,20,21,40,1,10
2004-07-20,16,19,26,33,38,2,9
2004-07-23,24,25,32,35,41,3,9
2004-07-27,7,10,11,13,28,4,8
2004-07-30,7,15,16,30,48,6,7
2004-08-03,3,5,25,31,45,3,6
2004-08-06,1,4,20,26,32,6,9
2004-08-10,2,8,15,17,46,5,6
2004-08-13,1,17,28,33,44,5,10
2004-08-17,8,9,20,31,49,11,12
2004-08-20,6,25,30,39,44,1,12
2004-08-24,1,8,20,23,40,8,9
2004-08-27,10,23,31,34,48,2,8
2004-08-31,15,23,27,39,50,4,8
2004-09-03,4,6,19,25,44,2,10
2004-09-07,23,24,46,49,50,6,9
2004-09-10,15,25,31,42,48,7,8
2004-09-14,21,29,34,44,46,9,12
2004-09-17,3,17,21,31,46,8,11
2004-09-21,18,20,31,32,35,2,6
2004-09-24,1,12,39,42,50,4,8
2004-09-28,18,19,30,36,38,1,5
2004-10-01,2,8,14,35,43,4,6
2004-10-05,1,19,21,27,29,1,9
2004-10-08,18,22,44,46,50,7,10
2004-10-12,1,8,29,43,48,7,11
2004-10-15,15,21,27,29,42,5,10
2004-10-19,5,33,38,45,48,1,2
2004-10-22,24,26,33,36,43,8,9
2004-10-26,9,17,18,26,29,1,2
2004-10-29,3,17,27,38,44,2,12
2004-11-02,19,22,43,45,46,2,9
2004-11-05,1,13,15,48,50,9,10
2004-11-09,3,8,10,21,49,4,11
2004-11-12,27,30,41,43,47,4,10
2004-11-16,11,15,28,31,50,1,11
2004-11-19,2,3,27,28,31,8,9
2004-11-23,26,30,47,48,50,3,12
2004-11-26,4,6,26,27,50,6,12
2004-11-30,8,21,24,28,40,3,10
2004-12-03,13,19,20,46,48,8,10
2004-12-07,20,26,28,41,42,1,3
2004-12-10,19,30,31,33,42,10,11
2004-12-14,1,8,10,19,22,4,11
2004-12-17,12,31,44,45,46,2,7
2004-12-21,16,30,32,37,48,1,6
2004-12-24,7,13,17,35,38,3,8
2004-12-28,1,11,24,44,47,2,9
2004-12-31,13,32,33,44,45,4,7
2005-01-04,2,8,11,23,34,6,11
2005-01-07,4,13,22,24,31,4,12
2005-01-11,8,11,25,27,33,2,11
2005-01-14,1,14,29,39,48,8,11
2005-01-18,8,14,15,48,50,6,9
2005-01-21,7,19,24,33,39,1,6
2005-01-25,14,15,32,42,44,5,12
2005-01-28,5,12,15,20,44,8,9
2005-02-01,21,31,34,42,48,8,10
2005-02-04,4,11,14,19,27,3,9
2005-02-08,5,23,35,44,49,8,11
2005-02-11,15,16,29,35,41,2,6
2005-02-15,5,21,29,34,36,3,9
2005-02-18,13,30,33,36,44,1,2
2005-02-22,5,8,13,22,28,2,9
2005-02-25,8,15,24,35,39,1,2
2005-03-01,13,26,36,39,45,3,6
2005-03-04,4,18,31,37,39,5,9
2005-03-08,7,26,30,46,49,2,3
2005-03-11,3,11,25,44,47,7,11
2005-03-15,6,15,28,35,42,4,7
2005-03-18,16,25,47,48,50,3,4
2005-03-22,20,29,34,43,44,5,12
2005-03-25,16,27,28,34,43,4,8
2005-03-29,7,13,33,37,46,10,11
2005-04-01,11,12,29,32,45,5,7
2005-04-05,2,10,23,28,37,5,10
2005-04-08,19,20,27,37,39,3,11
2005-04-12,5,9,20,23,37,2,12
2005-04-15,27,35,39,45,47,1,6
2005-04-19,16,21,33,49,50,2,7
2005-04-22,6,27,34,39,49,2,8
2005-04-26,1,3,22,24,41,2,6
2005-04-29,6,21,30,38,48,8,10
2005-05-03,5,14,17,42,48,5,12
2005-05-06,7,15,22,23,44,9,11
2005-05-10,26,31,37,45,49,8,10
2005-05-13,12,17,23,26,38,4,12
2005-05-17,13,25,31,44,50,6,9
2005-05-20,18,30,41,44,45,1,5
2005-05-24,6,19,26,28,48,8,11
2005-05-27,4,8,34,44,45,4,7
2005-05-31,3,11,17,37,44,3,7
2005-06-03,7,10,29,49,50,9,10
2005-06-07,5,11,30,32,34,10,11
2005-06-10,1,4,6,28,29,1,9
2005-06-14,17,21,26,39,42,6,10
2005-06-17,23,27,35,44,47,3,9
2005-06-21,5,15,28,37,39,1,3
2005-06-24,12,19,21,27,50,3,9
2005-06-28,2,20,21,24,47,5,6
2005-07-01,17,20,27,31,41,2,6
2005-07-05,4,12,35,40,43,3,9
2005-07-08,8,18,26,34,49,3,11
2005-07-12,18,27,29,30,36,7,8
2005-07-15,1,7,21,43,49,6,12
2005-07-19,1,3,34,41,45,10,12
2005-07-22,5,11,20,21,24,4,9
2005-07-26,5,9,12,19,43,2,8
2005-07-29,11,26,27,31,47,5,9
2005-08-02,3,5,21,25,26,1,10
2005-08-05,19,21,27,41,42,3,10
2005-08-09,1,11,13,21,50,9,12
2005-08-12,7,19,22,42,45,4,6
2005-08-16,13,14,26,30,36,3,6
2005-08-19,17,18,23,24,40,5,10
2005-08-23,13,19,26,30,44,2,8
2005-08-26,2,8,40,42,50,8,10
2005-08-30,26,35,37,38,44,5,12
2005-09-02,14,20,23,27,46,4,12
2005-09-06,1,5,24,33,34,3,8
2005-09-09,7,38,40,41,49,4,6
2005-09-13,2,18,29,34,45,6,9
2005-09-16,18,30,35,46,48,5,8
2005-09-20,14,16,31,42,44,2,4
2005-09-23,24,29,42,46,50,2,11
2005-09-27,3,12,26,27,50,4,6
2005-09-30,3,7,14,24,30,5,6
2005-10-04,11,24,26,35,39,6,9
2005-10-07,8,13,19,24,37,1,12
2005-10-11,13,26,34,38,46,1,5
2005-10-14,3,11,19,22,29,2,5
2005-10-18,5,11,21,26,29,6,7
2005-10-21,7,11,29,44,48,10,11
2005-10-25,12,19,23,29,37,6,9
2005-10-28,11,18,27,31,34,6,12
2005-11-01,19,20,21,30,36,5,6
2005-11-04,14,19,29,37,40,4,12
2005-11-08,5,21,34,37,48,7,11
2005-11-11,6,11,13,14,19,4,10
2005-11-15,8,12,17,20,40,8,9
2005-11-18,6,18,21,26,43,4,9
2005-11-22,1,9,25,27,38,1,7
2005-11-25,1,35,36,38,46,1,4
2005-11-29,7,12,22,27,43,4,11
2005-12-02,17,27,40,48,49,1,11
2005-12-06,9,25,34,42,50,9,10
2005-12-09,3,17,20,28,48,9,11
2005-12-13,18,20,42,43,44,1,10
2005-12-16,10,14,19,36,47,1,4
2005-12-20,5,12,13,22,32,9,11
2005-12-23,11,29,42,44,45,6,9
2005-12-27,9,14,16,40,42,2,6
2005-12-30,2,12,19,21,40,2,8
2006-01-03,2,9,14,18,43,4,12
2006-01-06,14,39,43,47,50,5,9
2006-01-10,20,21,39,44,48,10,12
2006-01-13,5,6,14,32,42,2,3
2006-01-17,4,15,24,39,40,2,9
2006-01-20,3,11,42,45,48,2,9
2006-01-24,1,2,7,16,28,6,10
2006-01-27,10,38,41,42,46,7,9
2006-01-31,6,26,33,43,48,2,3
2006-02-03,1,6,8,23,37,3,6
2006-02-07,3,13,16,17,22,2,4
2006-02-10,3,26,27,41,50,1,6
2006-02-14,3,15,19,26,27,5,9
2006-02-17,4,16,19,27,29,3,8
2006-02-21,5,11,23,38,50,3,8
2006-02-24,1,14,15,34,44,2,4
2006-02-28,4,34,36,47,50,1,11
2006-03-03,14,16,18,21,34,5,11
2006-03-07,1,15,26,29,40,1,9
2006-03-10,4,7,15,24,36,5,12
2006-03-14,20,34,36,41,50,5,11
2006-03-17,32,34,45,46,49,1,2
2006-03-21,5,6,10,23,28,5,8
2006-03-24,1,3,29,38,40,3,8
2006-03-28,4,5,11,25,34,1,8
2006-03-31,20,23,27,29,32,1,7
2006-04-04,15,16,19,38,43,4,11
2006-04-07,7,33,40,47,48,3,4
2006-04-11,3,4,21,31,40,4,9
2006-04-14,2,6,21,22,37,2,5
2006-04-18,14,17,19,25,50,1,3
2006-04-21,3,17,23,29,44,2,4
2006-04-25,15,18,25,26,49,3,5
2006-04-28,5,6,28,42,50,3,6
2006-05-02,9,30,36,43,47,1,6
2006-05-05,7,20,25,40,45,2,7
2006-05-09,1,17,22,30,45,2,3
2006-05-12,5,19,28,40,50,4,9
2006-05-16,3,9,15,17,35,6,7
2006-05-19,5,30,43,45,49,1,6
2006-05-23,16,22,26,31,44,8,10
2006-05-26,11,17,21,36,42,5,10
2006-05-30,17,23,27,35,42,2,9
2006-06-02,11,21,34,40,45,3,11
2006-06-06,4,25,28,43,44,3,11
2006-06-09,2,9,17,36,37,3,12
2006-06-13,2,6,7,17,43,5,6
2006-06-16,9,15,17,26,46,3,5
2006-06-20,3,13,27,44,50,3,9
2006-06-23,5,27,43,48,50,2,11
2006-06-27,2,10,18,42,47,1,2
2006-06-30,9,17,45,46,49,1,4
2006-07-04,3,5,40,46,48,3,6
2006-07-07,3,11,29,40,45,1,11
2006-07-11,11,23,32,43,44,7,10
2006-07-14,4,21,23,30,31,6,12
2006-07-18,1,19,31,36,48,1,3
2006-07-21,5,17,26,45,50,1,8
2006-07-25,7,10,34,39,42,4,10
2006-07-28,2,13,20,22,41,5,7
2006-08-01,7,13,17,24,29,2,5
2006-08-04,8,9,21,33,40,10,11
2006-08-08,5,14,23,26,32,4,8
2006-08-11,4,26,31,39,41,9,10
2006-08-15,25,32,33,42,43,6,9
2006-08-18,4,15,20,34,48,2,10
2006-08-22,1,4,10,36,48,4,9
2006-08-25,10,23,33,37,39,4,12
2006-08-29,6,10,28,32,45,3,11
2006-09-01,12,26,32,34,35,8,9
2006-09-05,18,27,30,37,46,4,9
2006-09-08,8,24,32,38,41,6,9
2006-09-12,17,27,34,35,42,3,8
2006-09-15,4,9,17,24,27,9,10
2006-09-19,13,22,48,49,50,7,11
2006-09-22,11,17,20,45,50,2,8
2006-09-26,5,31,33,36,49,1,10
2006-09-29,1,17,33,45,50,10,11
2006-10-03,5,11,20,39,40,2,12
2006-10-06,1,24,36,40,46,4,11
2006-10-10,13,21,39,48,50,8,10
2006-10-13,11,20,26,36,37,9,10
2006-10-17,10,17,30,32,33,5,10
2006-10-20,3,5,7,26,28,1,5
2006-10-24,3,9,15,31,45,6,12
2006-10-27,8,11,40,44,48,10,11
2006-10-31,11,13,17,35,36,9,12
2006-11-03,21,22,24,43,50,2,7
2006-11-07,6,16,32,37,44,2,6
2006-11-10,4,18,31,35,37,3,9
2006-11-14,25,26,30,32,49,1,8
2006-11-17,7,9,39,48,49,6,10
2006-11-21,6,24,27,39,40,3,8
2006-11-24,1,22,23,36,38,5,10
2006-11-28,18,25,32,33,44,7,12
2006-12-01,4,8,34,36,45,1,6
2006-12-05,14,17,21,34,35,3,6
2006-12-08,14,23,40,47,48,4,5
2006-12-12,10,16,17,26,33,9,11
2006-12-15,5,11,32,42,48,3,6
2006-12-19,20,38,40,42,43,1,3
2006-12-22,7,15,27,38,49,2,3
2006-12-26,17,29,35,36,42,9,10
2006-12-29,6,12,14,27,34,5,11
2007-01-02,1,4,27,36,50,1,7
2007-01-05,11,21,26,44,46,9,11
2007-01-09,14,23,31,34,43,6,9
2007-01-12,3,6,8,39,48,2,3
2007-01-16,17,20,23,27,36,11,12
2007-01-19,2,4,14,19,36,4,6
2007-01-23,1,9,23,30,32,8,12
2007-01-26,10,17,31,48,49,3,5
2007-01-30,13,27,28,35,38,2,5
2007-02-02,7,21,31,34,39,6,12
2007-02-06,4,12,24,25,48,6,11
2007-02-09,5,6,9,42,49,6,10
2007-02-13,6,11,14,39,49,8,11
2007-02-16,11,14,18,34,38,6,10
2007-02-20,9,17,24,27,45,3,4
2007-02-23,3,4,9,10,15,10,11
2007-02-27,2,13,18,26,28,5,10
2007-03-02,19,26,29,43,48,3,7
2007-03-06,2,8,15,17,25,9,11
2007-03-09,6,21,22,30,44,1,4
2007-03-13,11,20,21,25,29,2,6
2007-03-16,3,7,15,25,43,2,12
2007-03-20,6,18,26,36,39,8,11
2007-03-23,12,27,39,40,43,6,8
2007-03-27,19,26,31,39,46,1,5
2007-03-30,3,13,20,21,42,3,10
2007-04-03,13,34,40,44,46,6,12
2007-04-06,5,9,20,25,39,8,10
2007-04-10,5,23,37,42,50,5,8
2007-04-13,10,21,24,47,49,5,11
2007-04-17,17,26,32,36,40,3,11
2007-04-20,11,15,16,25,50,1,6
2007-04-24,3,7,20,21,23,6,8
2007-04-27,10,22,29,31,34,10,11
2007-05-01,11,24,25,35,46,3,5
2007-05-04,1,30,33,35,46,2,8
2007-05-08,9,14,17,37,44,2,11
2007-05-11,9,11,12,27,34,4,11
2007-05-15,9,21,25,48,50,2,9
2007-05-18,4,30,42,45,50,9,11
2007-05-22,3,13,21,41,42,5,6
2007-05-25,1,30,35,38,42,6,9
2007-05-29,4,20,25,45,47,2,7
2007-06-01,18,19,22,25,42,6,9
2007-06-05,11,12,24,33,41,1,8
2007-06-08,19,25,38,45,49,7,10
2007-06-12,10,11,14,16,26,8,9
2007-06-15,9,11,15,16,48,2,6
2007-06-19,7,21,44,45,50,8,9
2007-06-22,5,9,10,32,38,4,7
2007-06-26,3,12,29,34,50,2,6
2007-06-29,1,18,20,38,42,4,10
2007-07-03,17,23,26,33,41,7,11
2007-07-06,3,9,30,31,42,2,5
2007-07-10,19,23,30,43,45,4,7
2007-07-13,6,7,14,27,29,5,11
2007-07-17,8,28,33,38,42,9,12
2007-07-20,4,11,19,26,48,4,12
2007-07-24,6,21,22,34,48,5,8
2007-07-27,5,13,36,43,46,8,10
2007-07-31,5,9,20,25,33,1,10
2007-08-03,13,14,23,35,48,3,10
2007-08-07,19,29,33,40,42,5,11
2007-08-10,16,17,25,28,36,10,12
2007-08-14,5,21,27,35,50,4,9
2007-08-17,5,28,43,44,47,8,9
2007-08-21,3,20,23,25,39,1,12
2007-08-24,4,19,21,24,30,3,9
2007-08-28,4,5,25,34,41,2,9
2007-08-31,1,5,31,32,40,2,12
2007-09-04,7,11,20,36,39,1,4
2007-09-07,11,32,41,42,44,1,2
2007-09-11,7,28,37,45,50,2,5
2007-09-14,5,11,19,41,45,6,7
2007-09-18,4,10,14,17,27,6,10
2007-09-21,5,25,35,42,45,5,11
2007-09-25,15,18,23,24,35,1,3
2007-09-28,2,8,19,33,39,4,11
2007-10-02,1,9,16,17,21,9,12
2007-10-05,17,18,42,44,47,6,11
2007-10-09,5,24,27,30,39,1,7
2007-10-12,2,13,27,39,50,4,7
2007-10-16,11,20,27,28,35,10,12
2007-10-19,3,10,40,41,45,1,6
2007-10-23,25,26,33,35,37,6,10
2007-10-26,4,17,29,39,45,8,12
2007-10-30,1,13,19,36,43,8,12
2007-11-02,11,15,16,18,41,1,5
2007-11-06,20,23,38,44,47,8,11
2007-11-09,8,24,25,39,44,9,11
2007-11-13,1,16,34,46,50,3,6
2007-11-16,5,6,7,24,48,5,8
2007-11-20,3,29,30,33,34,3,8
2007-11-23,10,18,40,42,46,1,5
2007-11-27,12,14,16,27,31,1,2
2007-11-30,10,13,29,30,40,4,5
2007-12-04,2,11,21,22,34,11,12
2007-12-07,20,24,30,39,48,9,10
2007-12-11,21,24,38,41,46,8,11
2007-12-14,3,11,23,25,36,2,6
2007-12-18,1,7,14,17,25,9,10
2007-12-21,4,5,12,28,50,4,7
2007-12-25,21,25,26,30,47,8,10
2007-12-28,8,22,25,36,40,3,9
2008-01-01,4,19,23,33,50,2,5
2008-01-04,6,9,26,30,38,1,6
2008-01-08,19,22,37,45,49,3,11
2008-01-11,11,18,22,26,28,2,5
2008-01-15,15,21,35,36,50,1,8
2008-01-18,6,9,20,27,36,6,12
2008-01-22,4,10,17,19,29,10,11
2008-01-25,1,8,17,36,42,1,3
2008-01-29,2,27,36,40,44,9,12
2008-02-01,11,17,18,28,35,3,4
2008-02-05,3,4,5,26,40,7,9
2008-02-08,1,17,21,24,37,8,11
2008-02-12,12,25,36,48,49,2,10
2008-02-15,14,15,43,47,48,3,11
2008-02-19,1,2,11,30,43,10,12
2008-02-22,4,11,15,32,40,6,8
2008-02-26,4,14,20,27,43,4,12
2008-02-29,20,23,25,27,41,2,3
2008-03-04,10,15,25,29,36,3,5
2008-03-07,3,7,23,26,32,1,9
2008-03-11,7,12,26,33,46,4,8
2008-03-14,3,17,24,31,42,2,11
2008-03-18,17,35,38,39,41,9,11
2008-03-21,4,5,16,23,33,6,8
2008-03-25,5,13,33,42,50,3,6
2008-03-28,19,22,24,42,44,11,12
2008-04-01,4,8,10,36,40,8,9
2008-04-04,6,19,24,36,50,4,6
2008-04-08,10,29,30,41,44,2,8
2008-04-11,3,19,21,28,37,2,3
2008-04-15,9,25,26,30,46,1,12
2008-04-18,5,20,21,22,47,8,11
2008-04-22,19,23,24,34,47,6,10
2008-04-25,19,33,39,42,50,4,6
2008-04-29,5,14,19,31,44,4,11
2008-05-02,1,27,39,47,50,8,11
2008-05-06,3,8,12,31,46,1,4
2008-05-09,16,19,33,40,43,2,4
2008-05-13,17,18,21,27,34,5,8
2008-05-16,1,34,36,40,48,3,5
2008-05-20,5,27,28,35,45,6,12
2008-05-23,5,24,31,38,48,1,6
2008-05-27,2,12,16,18,35,6,9
2008-05-30,4,8,10,43,44,8,12
2008-06-03,13,14,15,17,38,4,8
2008-06-06,11,15,23,25,28,5,7
2008-06-10,3,17,23,42,46,10,12
2008-06-13,4,18,26,27,40,4,5
2008-06-17,8,14,23,26,38,2,8
2008-06-20,3,4,7,21,28,3,5
2008-06-24,3,10,15,21,35,3,7
2008-06-27,6,23,30,44,49,4,6
2008-07-01,4,30,32,38,42,2,8
2008-07-04,4,15,27,41,42,1,9
2008-07-08,11,22,23,24,25,10,11
2008-07-11,3,5,9,34,36,2,6
2008-07-15,1,3,8,20,29,4,6
2008-07-18,2,4,11,39,50,8,11
2008-07-22,4,21,22,30,33,8,11
2008-07-25,8,10,23,34,38,7,8
2008-07-29,4,13,15,28,47,1,8
2008-08-01,5,10,40,41,46,10,11
2008-08-05,3,6,22,43,48,3,7
2008-08-08,10,12,19,27,45,7,8
2008-08-12,4,5,23,31,37,1,5
2008-08-15,15,20,25,39,42,5,12
2008-08-19,9,19,20,24,49,9,10
2008-08-22,6,12,19,43,45,9,10
2008-08-26,3,8,24,34,42,6,10
2008-08-29,6,7,17,25,38,3,10
2008-09-02,1,14,18,33,40,9,10
2008-09-05,14,23,37,49,50,6,7
2008-09-09,1,3,6,20,40,2,6
2008-09-12,11,13,17,28,35,3,11
2008-09-16,4,25,27,35,38,6,10
2008-09-19,24,33,34,40,41,6,7
2008-09-23,6,11,12,29,50,7,9
2008-09-26,10,13,35,44,49,7,9
2008-09-30,1,2,30,33,43,3,10
2008-10-03,6,11,15,32,42,2,8
2008-10-07,2,21,24,27,29,1,4
2008-10-10,9,15,21,34,35,10,12
2008-10-14,6,26,30,35,39,1,9
2008-10-17,10,12,32,40,49,4,10
2008-10-21,7,9,12,20,30,4,5
2008-10-24,7,16,17,38,41,1,6
2008-10-28,8,36,40,46,49,2,8
2008-10-31,1,19,23,24,30,5,7
2008-11-04,4,5,16,20,27,2,8
2008-11-07,2,19,28,33,44,1,5
2008-11-11,2,15,24,35,42,2,6
2008-11-14,1,5,6,26,49,6,7
2008-11-18,5,9,19,21,36,5,12
2008-11-21,3,17,20,27,33,9,11
2008-11-25,7,10,25,28,48,5,7
2008-11-28,35,38,44,45,49,2,10
2008-12-02,15,23,24,29,31,7,12
2008-12-05,1,4,18,27,36,4,5
2008-12-09,18,27,28,29,37,10,11
2008-12-12,10,17,26,38,41,1,2
2008-12-16,6,7,19,22,48,8,11
2008-12-19,10,19,23,36,46,2,8
2008-12-23,1,11,15,23,50,1,8
2008-12-26,26,29,42,43,45,7,10
2008-12-30,10,11,19,31,36,6,11
2009-01-02,15,23,24,36,46,2,9
2009-01-06,8,13,18,24,25,7,12
2009-01-09,19,21,32,39,46,9,11
2009-01-13,14,16,23,24,32,2,7
2009-01-16,17,19,25,26,32,1,6
2009-01-20,7,13,15,35,40,1,12
2009-01-23,6,20,29,30,44,3,9
2009-01-27,5,6,16,41,48,1,2
2009-01-30,1,29,33,35,43,3,12
2009-02-03,7,28,33,41,45,5,6
2009-02-06,15,20,22,42,50,1,8
2009-02-10,30,45,48,49,50,5,10
2009-02-13,2,10,17,21,22,4,10
2009-02-17,2,4,25,40,44,5,8
2009-02-20,3,28,36,37,47,8,12
2009-02-24,30,32,36,42,47,8,9
2009-02-27,1,13,15,37,49,5,6
2009-03-03,8,15,20,21,42,9,12
2009-03-06,3,14,21,42,50,4,5
2009-03-10,3,7,8,33,50,9,10
2009-03-13,2,5,14,22,45,4,11
2009-03-17,20,30,42,47,50,3,10
2009-03-20,5,18,20,26,33,10,11
2009-03-24,13,14,25,27,45,6,7
2009-03-27,1,6,17,23,24,5,11
2009-03-31,3,25,33,44,50,10,11
2009-04-03,11,23,28,39,43,1,6
2009-04-07,4,12,25,27,30,1,3
2009-04-10,2,21,23,28,29,2,10
2009-04-14,1,19,20,37,40,2,8
2009-04-17,6,8,11,37,39,6,12
2009-04-21,2,6,15,34,42,2,7
2009-04-24,2,22,31,43,46,3,9
2009-04-28,14,15,28,33,36,3,11
2009-05-01,8,20,21,40,44,1,8
2009-05-05,1,5,6,10,41,10,11
2009-05-08,4,21,27,37,48,1,9
2009-05-12,6,20,26,27,38,1,11
2009-05-15,5,7,12,14,30,3,5
2009-05-19,5,13,23,25,33,4,8
2009-05-22,22,24,34,42,44,1,12
2009-05-26,1,4,7,19,41,3,10
2009-05-29,5,20,29,32,36,7,12
2009-06-02,5,6,11,42,50,3,11
2009-06-05,1,16,17,27,34,3,12
2009-06-09,1,8,9,13,38,2,7
2009-06-12,15,19,24,35,37,1,9
2009-06-16,1,2,16,26,29,5,9
2009-06-19,12,17,20,27,49,8,10
2009-06-23,3,5,29,42,46,7,8
2009-06-26,9,18,31,33,38,6,8
2009-06-30,1,6,12,20,44,5,6
2009-07-03,2,8,12,14,25,11,12
2009-07-07,5,11,17,39,41,5,8
2009-07-10,10,21,27,44,47,6,10
2009-07-14,3,6,20,21,50,6,10
2009-07-17,5,7,8,28,39,4,6
2009-07-21,6,17,21,37,45,9,10
2009-07-24,5,7,8,38,40,4,5
2009-07-28,5,17,23,41,47,1,8
2009-07-31,5,27,29,33,47,1,5
2009-08-04,15,23,28,41,45,3,8
2009-08-07,5,16,17,20,42,4,5
2009-08-11,1,12,41,44,45,3,10
2009-08-14,6,10,14,25,43,5,7
2009-08-18,13,19,25,42,50,2,3
2009-08-21,14,39,44,48,50,9,11
2009-08-25,7,20,21,31,33,6,9
2009-08-28,8,23,40,41,47,1,3
2009-09-01,14,16,35,45,49,5,7
2009-09-04,21,28,34,40,50,4,12
2009-09-08,1,17,20,42,50,4,10
2009-09-11,1,14,38,41,44,5,12
2009-09-15,4,19,30,31,46,8,9
2009-09-18,20,24,25,28,29,2,11
2009-09-22,21,27,31,35,39,1,3
2009-09-25,1,6,15,30,48,8,10
2009-09-29,5,9,15,27,28,2,5
2009-10-02,17,18,25,28,42,4,8
2009-10-06,8,15,21,34,39,4,10
2009-10-09,3,11,24,42,49,5,9
2009-10-13,13,15,19,39,42,5,6
2009-10-16,4,5,29,44,49,1,11
2009-10-20,5,11,20,21,27,1,5
2009-10-23,6,7,21,25,26,6,10
2009-10-27,4,6,13,33,36,1,12
2009-10-30,4,10,24,44,50,5,8
2009-11-03,1,10,11,27,50,10,12
2009-11-06,25,34,39,47,49,2,5
2009-11-10,1,4,27,38,41,1,5
2009-11-13,1,19,21,25,40,1,6
2009-11-17,8,13,38,42,50,3,4
2009-11-20,4,7,16,38,50,4,11
2009-11-24,4,13,18,27,38,3,5
2009-11-27,17,23,32,41,44,2,10
2009-12-01,15,19,21,37,42,10,12
2009-12-04,4,19,35,40,44,4,11
2009-12-08,11,18,26,27,44,3,7
2009-12-11,8,22,25,28,50,1,10
2009-12-15,3,26,44,48,50,5,9
2009-12-18,3,17,24,37,42,1,9
2009-12-22,4,16,28,31,38,4,11
2009-12-25,9,10,29,30,44,4,9
2009-12-29,4,15,27,38,46,1,12
2010-01-01,4,13,20,37,45,5,12
2010-01-05,2,6,15,20,42,2,11
2010-01-08,2,5,18,19,47,4,9
2010-01-12,7,27,32,42,50,2,9
2010-01-15,21,26,30,32,40,9,12
2010-01-19,9,31,42,44,45,1,11
2010-01-22,14,23,34,35,37,6,8
2010-01-26,15,34,38,40,50,8,11
2010-01-29,17,18,35,44,50,4,11
2010-02-02,19,28,38,40,50,4,5
2010-02-05,2,9,17,18,39,8,11
2010-02-09,7,26,27,33,44,2,5
2010-02-12,5,25,29,40,48,5,9
2010-02-16,7,19,24,34,40,1,9
2010-02-19,3,6,9,24,36,3,4
2010-02-23,2,20,40,44,50,7,11
2010-02-26,13,42,45,48,49,5,6
2010-03-02,7,11,15,19,33,6,8
2010-03-05,3,7,8,47,48,2,8
2010-03-09,13,16,29,30,35,1,11
2010-03-12,5,16,19,21,40,4,10
2010-03-16,16,17,26,29,33,6,7
2010-03-19,3,15,27,36,46,2,11
2010-03-23,23,24,26,34,39,8,11
2010-03-26,3,13,28,34,43,5,9
2010-03-30,6,7,13,15,39,2,8
2010-04-02,13,26,29,45,48,1,8
2010-04-06,4,15,20,38,44,9,10
2010-04-09,3,15,22,30,33,1,5
2010-04-13,1,24,25,29,31,10,11
2010-04-16,3,11,13,15,41,5,7
2010-04-20,3,9,28,35,44,7,10
2010-04-23,23,28,37,41,50,4,11
2010-04-27,15,24,39,45,48,2,3
2010-04-30,15,19,25,26,50,3,6
2010-05-04,17,31,32,35,38,2,3
2010-05-07,2,19,23,26,33,5,11
2010-05-11,7,18,23,33,44,10,12
2010-05-14,1,2,3,9,35,4,8
2010-05-18,7,20,26,27,42,1,10
2010-05-21,4,5,36,37,50,3,5
2010-05-25,11,18,19,36,42,4,8
2010-05-28,4,18,37,40,49,4,9
2010-06-01,20,23,42,48,49,1,11
2010-06-04,10,11,40,42,50,6,8
2010-06-08,6,7,14,29,48,3,8
2010-06-11,27,29,44,45,50,5,12
2010-06-15,17,30,33,40,44,2,5
2010-06-18,13,24,31,34,35,2,9
2010-06-22,1,8,19,40,50,3,5
2010-06-25,1,11,27,36,47,8,9
2010-06-29,5,18,33,35,38,1,3
2010-07-02,13,17,23,38,44,1,8
2010-07-06,1,10,16,22,47,3,5
2010-07-09,24,33,37,44,50,1,8
2010-07-13,7,30,33,35,44,3,4
2010-07-16,4,6,16,24,44,2,8
2010-07-20,4,20,29,31,44,3,12
2010-07-23,5,27,29,33,35,5,6
2010-07-27,20,34,38,42,50,2,12
2010-07-30,7,10,29,40,45,2,5
2010-08-03,19,22,32,33,38,3,10
2010-08-06,11,13,19,32,42,9,11
2010-08-10,7,13,26,27,32,9,12
2010-08-13,15,21,27,28,36,1,12
2010-08-17,25,27,29,33,42,2,4
2010-08-20,12,18,20,36,40,8,11
2010-08-24,4,22,25,39,47,5,6
2010-08-27,7,22,33,38,50,1,3
2010-08-31,7,15,42,46,48,2,11
2010-09-03,4,9,15,36,48,3,12
2010-09-07,9,10,29,40,43,6,11
2010-09-10,10,26,38,42,43,6,7
2010-09-14,11,13,19,37,46,1,6
2010-09-17,13,21,23,29,48,4,9
2010-09-21,3,7,18,39,44,8,9
2010-09-24,2,4,9,14,35,3,6
2010-09-28,2,21,36,39,48,1,4
2010-10-01,4,5,12,30,34,4,11
2010-10-05,10,12,14,15,35,10,11
2010-10-08,11,18,20,39,45,1,12
2010-10-12,2,30,34,35,44,7,8
2010-10-15,4,8,17,19,49,6,11
2010-10-19,2,12,21,25,48,1,4
2010-10-22,26,31,32,35,38,9,11
2010-10-26,14,19,33,35,40,1,11
2010-10-29,4,14,31,36,42,6,8
2010-11-02,6,28,45,47,49,6,11
2010-11-05,11,18,20,30,34,1,9
2010-11-09,13,15,16,17,48,2,8
2010-11-12,7,19,21,26,36,11,12
2010-11-16,2,5,19,31,38,4,10
2010-11-19,1,2,3,9,47,2,9
2010-11-23,5,13,24,28,50,11,12
2010-11-26,18,22,27,38,48,1,3
2010-11-30,4,20,42,43,49,7,8
2010-12-03,4,21,22,23,27,8,12
2010-12-07,11,14,30,31,47,11,12
2010-12-10,13,17,25,42,44,6,11
2010-12-14,8,13,41,45,48,5,8
2010-12-17,6,7,16,18,48,1,9
2010-12-21,1,20,33,36,49,4,6
2010-12-24,2,17,20,40,50,1,5
2010-12-28,9,10,14,19,38,2,3
2010-12-31,5,17,18,40,48,2,9
2011-01-04,1,23,25,38,47,6,10
2011-01-07,8,10,13,16,17,3,6
2011-01-11,5,18,30,48,50,1,4
2011-01-14,14,15,26,40,47,4,9
2011-01-18,21,23,25,33,39,2,4
2011-01-21,4,6,11,22,27,7,12
2011-01-25,10,18,28,37,49,4,10
2011-01-28,3,20,32,42,50,2,3
2011-02-01,5,15,16,21,42,3,5
2011-02-04,4,8,13,17,39,1,11
2011-02-08,23,36,37,38,50,2,5
2011-02-11,10,20,33,44,46,5,12
2011-02-15,5,12,16,22,29,7,9
2011-02-18,1,28,29,33,43,2,9
2011-02-22,3,8,10,11,19,6,10
2011-02-25,8,14,25,26,28,4,5
2011-03-01,5,7,8,9,16,1,10
2011-03-04,2,15,24,26,35,6,8
2011-03-08,16,19,26,38,48,1,3
2011-03-11,13,17,24,30,39,3,4
2011-03-15,13,40,42,48,49,1,3
2011-03-18,18,23,28,30,46,7,8
2011-03-22,15,19,20,34,44,3,9
2011-03-25,14,23,29,32,36,6,8
2011-03-29,28,33,42,43,50,2,8
2011-04-01,27,38,41,44,49,9,10
2011-04-05,10,14,15,22,33,6,7
2011-04-08,11,15,19,28,36,3,6
2011-04-12,2,15,27,38,50,3,12
2011-04-15,12,20,24,30,43,6,11
2011-04-19,11,12,17,29,50,2,9
2011-04-22,1,9,21,27,28,6,11
2011-04-26,3,17,33,41,44,6,10
2011-04-29,3,4,31,32,33,1,2
2011-05-03,12,13,32,42,49,3,9
2011-05-06,1,3,27,35,40,4,8
2011-05-10,1,4,14,38,47,6,8
2011-05-13,19,33,35,39,50,2,9
2011-05-17,4,13,17,33,43,2,6
2011-05-20,13,26,39,47,50,2,12
2011-05-24,7,11,24,36,45,3,10
2011-05-27,10,46,48,49,50,5,6
2011-05-31,16,23,27,37,46,3,10
2011-06-03,8,9,20,23,34,6,8
2011-06-07,6,13,15,44,46,2,8
2011-06-10,3,7,17,21,38,2,7
2011-06-14,6,26,44,49,50,1,11
2011-06-17,2,14,23,28,34,1,5
2011-06-21,7,13,21,29,48,3,10
2011-06-24,9,11,30,31,32,3,6
2011-06-28,17,29,39,49,50,3,4
2011-07-01,14,27,38,44,48,5,7
2011-07-05,5,30,33,37,43,4,12
2011-07-08,1,19,21,46,47,1,5
2011-07-12,15,18,21,35,40,4,11
2011-07-15,4,8,24,47,49,3,6
2011-07-19,21,23,29,44,49,4,10
2011-07-22,4,14,23,30,49,3,7
2011-07-26,10,11,26,40,49,1,8
2011-07-29,8,14,30,42,46,6,8
2011-08-02,4,12,24,37,45,1,8
2011-08-05,3,18,23,38,39,7,11
2011-08-09,4,6,7,17,39,1,12
2011-08-12,7,9,11,15,22,6,10
2011-08-16,1,9,14,30,40,1,4
2011-08-19,4,20,27,31,40,1,7
2011-08-23,16,21,28,37,44,5,6
2011-08-26,7,17,26,30,37,9,12
2011-08-30,2,17,28,33,36,3,7
2011-09-02,14,15,29,34,49,3,10
2011-09-06,14,17,26,36,47,4,11
2011-09-09,6,13,31,35,47,3,8
2011-09-13,9,15,37,45,50,4,10
2011-09-16,2,15,17,19,21,6,8
2011-09-20,22,24,34,40,49,9,11
2011-09-23,8,16,33,37,43,3,4
2011-09-27,13,17,20,24,48,1,9
2011-09-30,16,21,39,41,43,4,10
2011-10-04,23,35,41,42,48,1,5
2011-10-07,4,5,12,35,39,3,5
2011-10-11,3,19,37,45,50,5,7
2011-10-14,9,26,29,33,43,2,12
2011-10-18,3,19,25,27,34,6,11
2011-10-21,21,29,44,45,47,2,7
2011-10-25,13,25,32,46,49,4,10
2011-10-28,7,13,17,21,44,2,3
2011-11-01,29,31,33,36,40,2,12
2011-11-04,8,26,29,35,41,8,12
2011-11-08,9,11,37,42,50,8,11
2011-11-11,3,5,19,27,28,3,8
2011-11-15,1,11,17,34,37,9,10
2011-11-18,11,25,26,31,40,5,11
2011-11-22,2,5,15,16,32,5,10
2011-11-25,7,9,24,26,34,3,6
2011-11-29,8,12,15,17,36,2,6
2011-12-02,4,19,20,46,47,1,9
2011-12-06,9,12,21,35,42,4,5
2011-12-09,1,12,17,20,45,2,4
2011-12-13,4,13,15,31,32,6,11
2011-12-16,5,10,27,37,42,1,2
2011-12-20,1,2,5,16,44,4,9
2011-12-23,18,29,35,38,43,4,5
2011-12-27,9,23,26,27,48,8,12
2011-12-30,21,27,33,34,41,1,5
2012-01-03,20,31,39,46,50,4,9
2012-01-06,4,25,31,39,44,9,11
2012-01-10,27,30,35,40,49,10,12
2012-01-13,5,10,15,29,46,3,8
2012-01-17,10,17,37,42,47,2,5
2012-01-20,6,9,34,43,47,9,11
2012-01-24,1,3,17,44,49,1,5
2012-01-27,1,31,34,37,45,6,9
2012-01-31,13,24,27,33,35,3,5
2012-02-03,1,6,20,21,37,1,7
2012-02-07,7,8,10,19,33,5,11
2012-02-10,9,15,20,34,49,3,12
2012-02-14,4,29,33,38,39,1,3
2012-02-17,10,14,27,34,44,10,12
2012-02-21,21,30,43,45,47,1,12
2012-02-24,20,25,32,41,44,3,9
2012-02-28,10,19,30,36,44,3,11
2012-03-02,7,14,27,46,48,3,6
2012-03-06,7,11,14,18,47,2,3
2012-03-09,15,25,30,33,43,6,8
2012-03-13,16,20,22,48,50,4,11
2012-03-16,6,9,44,46,47,3,7
2012-03-20,1,17,19,43,50,8,10
2012-03-23,6,10,20,22,27,2,11
2012-03-27,20,26,33,39,42,3,5
2012-03-30,11,18,32,35,36,7,8
2012-04-03,6,12,17,21,44,7,8
2012-04-06,12,21,28,46,50,5,8
2012-04-10,5,14,28,33,34,4,12
2012-04-13,5,13,33,38,45,1,4
2012-04-17,3,31,42,44,45,6,8
2012-04-20,3,17,23,32,41,2,11
2012-04-24,5,33,42,44,45,8,11
2012-04-27,4,20,38,44,50,4,11
2012-05-01,7,15,19,21,34,2,11
2012-05-04,3,11,30,31,43,1,6
2012-05-08,5,12,13,35,36,7,9
2012-05-11,7,11,21,40,45,4,10
2012-05-15,1,11,21,39,45,3,9
2012-05-18,15,29,36,37,50,9,10
2012-05-22,5,8,13,20,25,8,9
2012-05-25,1,3,8,29,42,1,10
2012-05-29,11,15,30,34,44,5,8
2012-06-01,3,10,29,45,48,8,10
2012-06-05,3,8,13,26,41,9,10
2012-06-08,9,22,23,26,32,1,4
2012-06-12,9,20,25,36,49,3,10
2012-06-15,1,4,23,37,45,5,7
2012-06-19,13,26,29,43,46,2,12
2012-06-22,4,5,24,27,42,5,11
2012-06-26,20,34,39,45,50,5,6
2012-06-29,8,11,15,21,40,2,6
2012-07-03,11,31,38,39,43,3,6
2012-07-06,11,26,29,30,32,11,12
2012-07-10,2,19,25,31,38,2,11
2012-07-13,4,9,14,23,45,2,8
2012-07-17,13,21,24,31,44,6,12
2012-07-20,26,42,44,49,50,3,8
2012-07-24,10,12,30,48,50,2,8
2012-07-27,14,20,27,32,50,3,11
2012-07-31,6,18,22,29,42,1,9
2012-08-03,4,6,27,41,49,3,11
2012-08-07,2,11,12,33,39,2,3
2012-08-10,1,17,19,26,37,4,5
2012-08-14,9,16,21,32,38,6,9
2012-08-17,9,16,22,23,24,8,11
2012-08-21,2,4,28,39,49,7,8
2012-08-24,5,13,15,18,48,5,10
2012-08-28,5,23,25,34,50,5,9
2012-08-31,11,13,21,25,44,2,9
2012-09-04,2,34,44,45,47,1,5
2012-09-07,6,26,35,41,44,2,8
2012-09-11,5,21,27,45,46,4,10
2012-09-14,6,13,17,20,35,5,11
2012-09-18,4,11,14,31,50,9,10
2012-09-21,3,4,6,46,47,2,5
2012-09-25,4,22,24,26,45,4,11
2012-09-28,2,23,40,44,50,4,8
2012-10-02,10,21,23,33,46,5,6
2012-10-05,19,22,24,35,38,1,4
2012-10-09,11,21,26,29,32,8,10
2012-10-12,10,20,33,36,47,4,9
2012-10-16,17,20,29,31,32,6,9
2012-10-19,12,25,33,36,49,2,3
2012-10-23,9,31,36,39,41,3,4
2012-10-26,9,21,33,46,49,7,10
2012-10-30,2,13,24,40,44,1,6
2012-11-02,7,10,23,31,50,2,12
2012-11-06,2,6,13,25,40,1,5
2012-11-09,13,20,26,38,44,3,12
2012-11-13,3,4,15,16,41,2,6
2012-11-16,16,23,32,36,39,4,12
2012-11-20,8,21,23,24,46,4,8
2012-11-23,9,18,22,29,39,5,8
2012-11-27,11,17,20,21,45,4,10
2012-11-30,1,13,20,26,31,1,10
2012-12-04,5,21,22,33,44,3,6
2012-12-07,17,21,31,32,35,5,11
2012-12-11,16,24,32,34,47,8,9
2012-12-14,2,9,29,35,39,8,11
2012-12-18,27,35,44,48,49,1,9
2012-12-21,2,4,15,22,23,3,12
2012-12-25,5,12,15,29,41,9,12
2012-12-28,10,19,25,44,48,1,5
2013-01-01,16,23,27,29,33,3,5
2013-01-04,10,24,38,42,47,8,10
2013-01-08,11,19,25,41,42,3,6
2013-01-11,5,19,23,46,49,2,5
2013-01-15,5,11,25,35,37,1,2
2013-01-18,2,3,5,29,30,3,12
2013-01-22,6,9,23,45,47,4,9
2013-01-25,6,7,24,25,47,2,9
2013-01-29,12,17,19,38,49,7,8
2013-02-01,7,19,26,38,39,4,9
2013-02-05,4,6,8,11,35,1,8
2013-02-08,27,35,38,44,47,2,4
2013-02-12,11,14,16,23,42,8,9
2013-02-15,12,13,14,20,27,2,10
2013-02-19,10,17,27,30,43,3,6
2013-02-22,1,7,19,34,44,3,4
2013-02-26,16,22,23,24,50,6,10
2013-03-01,5,22,36,39,50,6,9
2013-03-05,1,11,31,48,50,2,7
2013-03-08,6,7,17,25,27,9,10
2013-03-12,15,24,30,32,45,2,4
2013-03-15,3,22,41,45,46,8,10
2013-03-19,3,18,20,23,39,2,10
2013-03-22,25,29,30,38,48,3,5
2013-03-26,13,20,28,40,42,1,5
2013-03-29,4,7,16,26,29,3,9
2013-04-02,21,24,26,38,45,2,11
2013-04-05,13,21,25,35,43,8,10
2013-04-09,2,7,39,47,48,2,11
2013-04-12,1,3,23,27,34,1,9
2013-04-16,6,20,40,44,45,2,9
2013-04-19,10,17,21,23,31,1,6
2013-04-23,2,5,32,36,49,1,8
2013-04-26,1,23,34,35,45,3,6
2013-04-30,4,7,9,21,31,5,6
2013-05-03,5,7,15,31,36,7,11
2013-05-07,6,16,35,47,48,4,12
2013-05-10,3,4,16,42,46,11,12
2013-05-14,1,11,22,30,32,8,12
2013-05-17,14,15,16,36,47,8,12
2013-05-21,17,33,34,36,38,6,7
2013-05-24,19,25,38,42,47,4,7
2013-05-28,11,15,17,35,38,3,5
2013-05-31,10,12,38,42,46,2,4
2013-06-04,30,32,34,49,50,11,12
2013-06-07,2,7,10,23,38,2,12
2013-06-11,14,22,23,25,31,1,5
2013-06-14,10,18,32,41,43,5,8
2013-06-18,11,23,41,43,48,1,3
2013-06-21,5,6,29,30,48,7,10
2013-06-25,14,20,25,37,48,9,10
2013-06-28,1,8,9,11,48,3,7
2013-07-02,3,14,26,29,44,3,7
2013-07-05,8,20,25,29,32,3,10
2013-07-09,3,7,21,23,47,1,11
2013-07-12,3,7,22,24,31,3,8
2013-07-16,7,14,27,30,47,9,12
2013-07-19,4,15,21,36,48,4,9
2013-07-23,1,18,19,39,47,1,9
2013-07-26,8,23,29,41,42,2,3
2013-07-30,9,20,28,36,48,1,12
2013-08-02,13,19,24,27,31,3,11
2013-08-06,3,16,17,29,37,11,12
2013-08-09,26,32,36,39,40,1,3
2013-08-13,11,13,17,25,30,8,11
2013-08-16,2,4,17,32,38,1,4
2013-08-20,12,18,19,32,37,3,6
2013-08-23,8,35,43,48,50,2,5
2013-08-27,11,13,20,21,36,4,10
2013-08-30,10,16,23,32,45,1,6
2013-09-03,7,10,15,21,30,1,10
2013-09-06,6,14,25,37,46,4,12
2013-09-10,6,9,18,19,44,3,8
2013-09-13,1,4,11,22,28,3,8
2013-09-17,14,17,23,30,31,2,3
2013-09-20,16,27,39,42,44,1,9
2013-09-24,18,28,42,43,44,6,9
2013-09-27,6,14,30,46,50,8,11
2013-10-01,10,11,35,39,50,4,9
2013-10-04,3,4,15,30,50,5,12
2013-10-08,2,6,29,43,50,9,12
2013-10-11,26,28,30,43,50,6,9
2013-10-15,3,7,19,35,39,5,12
2013-10-18,6,22,38,41,47,1,6
2013-10-22,27,36,37,46,50,4,12
2013-10-25,1,24,25,30,42,3,11
2013-10-29,6,28,45,47,48,1,5
2013-11-01,1,4,11,24,38,8,12
2013-11-05,11,14,40,41,50,6,7
2013-11-08,12,17,18,19,29,6,10
2013-11-12,4,10,12,26,42,4,11
2013-11-15,10,18,19,21,49,2,4
2013-11-19,3,11,12,19,42,1,5
2013-11-22,3,21,33,47,50,1,6
2013-11-26,2,6,8,9,39,1,9
2013-11-29,28,29,31,39,47,5,6
2013-12-03,8,9,27,31,36,1,11
2013-12-06,9,44,47,48,50,7,8
2013-12-10,1,15,20,27,44,1,11
2013-12-13,1,6,7,22,32,3,8
2013-12-17,16,18,20,29,49,2,5
2013-12-20,16,19,23,36,40,6,8
2013-12-24,3,27,31,36,48,4,12
2013-12-27,1,16,23,25,40,8,10
2013-12-31,3,11,23,35,36,6,12
2014-01-03,10,12,19,35,38,3,6
2014-01-07,29,31,48,49,50,6,11
2014-01-10,2,25,28,44,48,5,10
2014-01-14,4,19,29,42,44,3,4
2014-01-17,21,22,27,28,45,3,5
2014-01-21,3,23,36,37,47,4,11
2014-01-24,15,21,35,36,49,6,12
2014-01-28,6,19,24,31,40,3,8
2014-01-31,3,21,28,43,50,8,9
2014-02-04,1,8,16,26,50,5,9
2014-02-07,3,19,22,29,36,3,6
2014-02-11,21,34,42,46,50,2,8
2014-02-14,1,13,29,38,49,3,9
2014-02-18,2,3,15,37,49,2,4
2014-02-21,10,12,27,30,37,5,10
2014-02-25,8,11,19,24,37,3,4
2014-02-28,1,2,12,24,29,5,6
2014-03-04,6,10,36,44,45,8,10
2014-03-07,8,9,27,35,50,2,4
2014-03-11,1,3,11,13,40,9,11
2014-03-14,14,16,22,42,43,7,11
2014-03-18,5,9,17,22,33,6,8
2014-03-21,17,21,37,39,47,2,6
2014-03-25,6,13,19,21,45,1,9
2014-03-28,2,6,16,21,38,7,8
2014-04-01,3,15,36,42,48,3,11
2014-04-04,14,20,33,41,42,3,4
2014-04-08,26,28,40,42,46,1,11
2014-04-11,9,15,27,41,42,5,10
2014-04-15,5,9,11,27,36,1,8
2014-04-18,9,10,15,38,41,1,7
2014-04-22,1,5,13,21,25,2,10
2014-04-25,5,27,31,33,39,9,10
2014-04-29,17,32,35,37,39,2,7
2014-05-02,5,14,21,25,26,5,11
2014-05-06,3,20,34,36,45,3,5
2014-05-09,14,15,39,41,45,7,10
2014-05-13,1,4,13,31,33,11,12
2014-05-16,17,20,27,29,43,4,12
2014-05-20,8,22,24,33,42,6,9
2014-05-23,6,15,27,30,49,1,4
2014-05-27,3,4,20,23,24,1,5
2014-05-30,11,15,27,46,48,4,10
2014-06-03,13,18,27,41,50,2,4
2014-06-06,13,18,24,30,31,4,10
2014-06-10,6,25,32,37,38,10,11
2014-06-13,11,16,19,29,38,2,3
2014-06-17,9,32,35,47,48,4,9
2014-06-20,12,16,27,38,39,2,9
2014-06-24,1,8,22,38,48,9,10
2014-06-27,5,20,21,26,41,8,12
2014-07-01,10,17,23,34,38,5,8
2014-07-04,10,16,23,24,26,4,8
2014-07-08,1,4,25,33,48,4,11
2014-07-11,4,19,27,44,49,2,5
2014-07-15,35,40,42,45,46,9,11
2014-07-18,13,15,28,42,46,1,3
2014-07-22,4,5,17,21,28,1,7
2014-07-25,4,17,35,42,45,8,11
2014-07-29,2,6,12,26,43,3,8
2014-08-01,5,13,16,44,45,5,9
2014-08-05,7,35,43,47,50,6,10
2014-08-08,5,6,7,8,9,5,10
2014-08-12,3,12,28,32,50,2,5
2014-08-15,1,6,15,32,50,2,5
2014-08-19,3,10,17,38,43,6,11
2014-08-22,19,36,40,47,50,2,6
2014-08-26,5,29,38,45,47,8,10
2014-08-29,5,11,14,35,46,8,10
2014-09-02,27,38,39,43,44,10,11
2014-09-05,3,23,24,39,44,3,6
2014-09-09,9,14,18,34,44,5,12
2014-09-12,6,7,9,25,31,6,7
2014-09-16,13,15,16,23,30,5,10
2014-09-19,7,22,34,37,47,6,9
2014-09-23,8,39,41,47,49,8,10
2014-09-26,7,9,23,36,46,6,8
2014-09-30,3,15,26,33,42,5,11
2014-10-03,10,11,15,36,38,2,4
2014-10-07,2,10,28,36,49,3,4
2014-10-10,17,22,23,40,46,5,6
2014-10-14,5,14,19,47,49,5,10
2014-10-17,1,7,15,23,26,3,5
2014-10-21,7,10,33,38,50,7,9
2014-10-24,3,24,37,45,49,5,11
2014-10-28,1,18,23,31,43,2,10
2014-10-31,6,9,10,26,35,3,11
2014-11-04,4,9,10,26,44,2,12
2014-11-07,5,14,25,26,36,4,8
2014-11-11,10,27,42,43,45,1,2
2014-11-14,15,19,35,36,42,9,11
2014-11-18,2,10,11,15,18,1,8
2014-11-21,8,25,44,47,49,4,12
2014-11-25,17,27,29,40,48,5,9
2014-11-28,9,32,33,34,37,4,10
2014-12-02,3,11,26,28,45,1,8
2014-12-05,4,17,19,35,36,5,9
2014-12-09,12,16,27,29,45,5,7
2014-12-12,5,21,25,34,38,5,6
2014-12-16,10,19,29,38,41,4,10
2014-12-19,17,20,32,33,44,5,11
2014-12-23,15,19,31,41,44,2,10
2014-12-26,6,11,14,26,31,1,2
2014-12-30,9,20,31,33,36,4,9
2015-01-02,14,23,25,28,45,3,4
2015-01-06,4,25,27,34,40,1,2
2015-01-09,9,12,28,38,40,1,10
2015-01-13,6,9,19,22,44,6,8
2015-01-16,15,17,27,29,30,1,7
2015-01-20,12,19,26,31,37,7,11
2015-01-23,1,25,33,36,48,1,8
2015-01-27,4,14,33,38,42,2,5
2015-01-30,4,13,23,28,33,9,12
2015-02-03,19,22,33,44,49,3,4
2015-02-06,17,28,32,33,44,5,9
2015-02-10,4,7,10,37,44,2,7
2015-02-13,6,9,20,30,44,5,9
2015-02-17,9,23,33,36,49,3,11
2015-02-20,5,14,36,37,42,2,7
2015-02-24,17,25,26,27,36,5,10
2015-02-27,6,14,19,27,30,2,3
2015-03-03,8,13,24,25,43,6,9
2015-03-06,8,20,21,33,50,8,9
2015-03-10,2,6,18,37,45,5,7
2015-03-13,2,30,35,42,45,2,3
2015-03-17,3,11,25,30,39,9,10
2015-03-20,12,18,21,22,26,9,11
2015-03-24,13,24,38,39,40,2,9
2015-03-27,5,6,15,25,35,1,10
2015-03-31,15,20,23,35,49,8,11
2015-04-03,20,28,34,35,50,6,10
2015-04-07,2,5,20,29,36,8,11
2015-04-10,12,14,35,37,42,3,4
2015-04-14,10,17,19,21,41,1,9
2015-04-17,6,11,27,28,35,1,7
2015-04-21,1,13,34,35,43,7,10
2015-04-24,25,29,30,32,45,2,6
2015-04-28,20,23,28,43,50,3,6
2015-05-01,7,8,15,23,33,3,9
2015-05-05,4,6,30,38,48,2,7
2015-05-08,11,20,26,48,49,2,9
2015-05-12,1,15,17,20,24,5,10
2015-05-15,7,9,19,23,50,8,11
2015-05-19,9,18,32,35,48,6,8
2015-05-22,13,23,26,30,40,7,8
2015-05-26,5,12,16,25,35,5,6
2015-05-29,9,21,26,33,34,1,2
2015-06-02,9,21,23,34,39,5,10
2015-06-05,22,29,34,43,50,5,9
2015-06-09,5,23,39,40,48,3,4
2015-06-12,1,7,8,12,24,1,3
2015-06-16,22,23,25,28,30,8,11
2015-06-19,4,13,15,28,38,3,6
2015-06-23,1,33,34,37,39,5,11
2015-06-26,7,9,18,23,34,3,12
2015-06-30,4,28,36,41,46,7,11
2015-07-03,2,4,9,32,44,5,10
2015-07-07,20,28,31,37,44,2,10
2015-07-10,4,9,15,23,38,4,9
2015-07-14,8,11,35,44,50,6,8
2015-07-17,4,14,17,35,39,4,6
2015-07-21,12,14,17,47,48,8,10
2015-07-24,19,31,43,45,50,3,11
2015-07-28,5,15,17,30,47,5,6
2015-07-31,1,18,31,32,40,4,5
2015-08-04,2,5,27,40,50,10,11
2015-08-07,27,31,32,37,45,3,11
2015-08-11,12,15,20,21,22,2,9
2015-08-14,2,11,19,28,47,7,10
2015-08-18,27,31,32,37,45,8,10
2015-08-21,4,10,15,23,25,3,8
2015-08-25,5,9,23,27,48,7,9
2015-08-28,2,20,26,34,35,1,12
2015-09-01,3,4,9,11,43,6,7
2015-09-04,2,8,21,22,45,1,4
2015-09-08,4,10,24,29,48,8,11
2015-09-11,1,18,26,33,36,5,8
2015-09-15,1,14,28,42,44,3,7
2015-09-18,3,12,16,28,29,2,8
2015-09-22,11,14,29,33,40,2,10
2015-09-25,15,18,20,49,50,2,7
2015-09-29,3,10,12,19,42,2,8
2015-10-02,1,9,13,28,29,5,11
2015-10-06,22,36,37,38,41,4,5
2015-10-09,13,15,25,38,39,2,3
2015-10-13,3,15,17,23,48,5,9
2015-10-16,1,11,13,15,20,5,12
2015-10-20,4,12,27,36,38,6,8
2015-10-23,1,2,7,43,47,1,11
2015-10-27,26,31,42,45,50,8,10
2015-10-30,3,9,17,19,28,3,7
2015-11-03,13,39,42,48,49,4,10
2015-11-06,11,31,42,43,46,4,10
2015-11-10,4,10,18,23,24,2,10
2015-11-13,5,20,23,31,32,8,11
2015-11-17,10,17,24,27,44,2,9
2015-11-20,4,9,14,30,39,2,7
2015-11-24,4,19,28,43,49,4,10
2015-11-27,8,9,17,21,34,5,6
2015-12-01,4,17,27,38,47,6,8
2015-12-04,7,25,31,43,49,4,6
2015-12-08,3,17,44,48,50,1,4
2015-12-11,14,22,33,38,44,1,10
2015-12-15,4,9,10,23,25,2,7
2015-12-18,1,3,11,15,35,7,9
2015-12-22,10,23,24,28,35,2,11
2015-12-25,18,21,23,25,39,4,12
2015-12-29,12,23,24,43,44,4,5
2016-01-01,3,10,17,23,38,3,10
2016-01-05,10,32,40,42,43,8,9
2016-01-08,17,20,24,27,40,4,5
2016-01-12,5,23,24,29,34,5,11
2016-01-15,3,20,23,35,46,2,6
2016-01-19,13,32,34,43,44,1,9
2016-01-22,7,9,12,27,34,8,9
2016-01-26,7,9,17,20,33,4,8
2016-01-29,3,4,19,21,44,4,6
2016-02-02,6,10,26,33,39,9,10
2016-02-05,3,13,26,29,49,3,5
2016-02-09,12,13,26,30,45,3,10
2016-02-12,4,11,23,37,39,4,7
2016-02-16,8,19,28,38,41,9,10
2016-02-19,15,17,19,30,31,9,11
2016-02-23,4,9,16,24,26,5,6
2016-02-26,4,16,18,27,29,4,8
2016-03-01,22,31,35,36,39,2,8
2016-03-04,11,17,31,33,35,1,6
2016-03-08,23,38,41,44,48,4,6
2016-03-11,8,28,37,44,48,7,9
2016-03-15,7,8,16,31,40,1,8
2016-03-18,9,14,16,17,36,2,9
2016-03-22,1,4,26,37,38,8,11
2016-03-25,1,5,15,23,27,2,5
2016-03-29,2,6,8,34,46,2,10
2016-04-01,2,14,21,23,46,1,11
2016-04-05,3,8,28,37,42,2,5
2016-04-08,1,3,21,29,41,7,12
2016-04-12,4,5,17,26,50,5,7
2016-04-15,4,9,14,15,20,5,12
2016-04-19,6,19,23,27,48,8,11
2016-04-22,6,7,38,43,50,2,5
2016-04-26,9,12,14,27,28,3,8
2016-04-29,13,16,36,42,46,8,10
2016-05-03,1,17,23,33,48,3,6
2016-05-06,4,7,20,36,39,2,4
2016-05-10,1,3,24,26,49,1,12
2016-05-13,26,31,35,45,50,11,12
2016-05-17,4,6,33,43,44,8,12
2016-05-20,22,26,29,40,48,8,11
2016-05-24,26,30,33,35,36,2,5
2016-05-27,3,8,12,30,49,4,10
2016-05-31,8,14,18,36,37,6,11
2016-06-03,5,23,24,35,40,5,7
2016-06-07,19,21,44,45,47,3,9
2016-06-10,12,15,34,37,39,9,10
2016-06-14,9,15,23,29,35,6,8
2016-06-17,17,19,37,39,44,1,6
2016-06-21,21,26,29,39,42,1,5
2016-06-24,5,11,15,24,44,9,11
2016-06-28,17,23,42,44,50,3,8
2016-07-01,8,11,22,33,36,4,5
2016-07-05,10,20,36,43,47,4,5
2016-07-08,3,4,19,23,33,4,5
2016-07-12,4,26,31,34,49,4,7
2016-07-15,9,16,20,21,40,2,6
2016-07-19,8,13,23,34,35,2,12
2016-07-22,6,30,32,34,49,9,11
2016-07-26,17,31,33,47,49,2,3
2016-07-29,5,7,22,29,39,4,9
2016-08-02,9,12,21,42,43,3,8
2016-08-05,9,23,24,37,44,7,11
2016-08-09,5,10,13,25,27,1,11
2016-08-12,3,17,23,45,49,6,7
2016-08-16,6,27,36,41,45,3,4
2016-08-19,3,23,24,37,40,2,3
2016-08-23,22,24,28,32,48,1,2
2016-08-26,11,28,33,40,45,4,8
2016-08-30,3,13,27,37,44,3,8
2016-09-02,20,27,37,38,39,3,4
2016-09-06,8,15,19,33,42,5,9
2016-09-09,5,7,30,35,50,4,7
2016-09-13,1,16,27,37,44,1,9
2016-09-16,2,7,25,29,40,5,8
2016-09-20,1,4,14,30,42,8,12
2016-09-23,1,2,10,26,44,8,9
2016-09-27,3,5,22,24,30,2,4
2016-09-30,10,13,21,30,41,3,6
2016-10-04,10,23,26,34,40,8,11
2016-10-07,6,17,19,38,48,3,7
2016-10-11,11,23,36,45,48,10,11
2016-10-14,6,7,10,18,25,3,5
2016-10-18,15,21,23,24,48,1,11
2016-10-21,6,7,19,45,49,2,4
2016-10-25,5,8,37,38,46,2,9
2016-10-28,9,14,27,33,40,2,4
2016-11-01,20,23,27,36,42,6,12
2016-11-04,7,36,38,42,44,6,11
2016-11-08,17,26,27,31,41,5,10
2016-11-11,5,8,34,38,48,3,10
2016-11-15,1,10,17,18,26,9,12
2016-11-18,1,4,13,20,30,5,8
2016-11-22,1,8,9,19,21,1,6
2016-11-25,15,16,21,22,42,7,10
2016-11-29,6,15,23,24,37,2,9
2016-12-02,17,18,35,44,46,6,10
2016-12-06,4,16,18,39,45,2,6
2016-12-09,8,10,25,29,38,3,6
2016-12-13,4,27,39,40,50,3,10
2016-12-16,17,30,34,36,50,3,5
2016-12-20,14,31,33,38,49,10,12
2016-12-23,23,29,30,33,46,5,7
2016-12-27,3,17,20,37,41,8,10
2016-12-30,10,11,12,36,45,4,7
2017-01-03,5,8,16,21,27,1,8
2017-01-06,14,16,21,26,32,3,4
2017-01-10,3,8,10,18,38,5,6
2017-01-13,7,14,25,29,43,3,4
2017-01-17,3,15,23,26,34,2,10
2017-01-20,2,17,20,30,38,7,8
2017-01-24,1,19,42,48,49,2,10
2017-01-27,1,4,14,31,35,9,11
2017-01-31,12,21,25,29,46,1,3
2017-02-03,11,17,21,23,45,4,5
2017-02-07,2,5,6,24,45,4,5
2017-02-10,1,24,27,35,44,4,8
2017-02-14,2,4,12,15,24,1,6
2017-02-17,3,7,10,27,31,3,11
2017-02-21,18,21,28,31,37,6,11
2017-02-24,5,10,14,25,46,6,8
2017-02-28,10,15,23,44,46,1,6
2017-03-03,2,14,30,40,42,3,11
2017-03-07,7,13,17,28,29,2,5
2017-03-10,2,9,14,28,38,3,8
2017-03-14,4,11,13,14,49,3,5
2017-03-17,1,3,29,33,42,9,11
2017-03-21,22,37,40,47,50,2,8
2017-03-24,7,18,19,30,36,7,11
2017-03-28,2,3,12,13,22,3,6
2017-03-31,12,20,28,36,44,8,10
2017-04-04,17,25,30,43,50,8,10
2017-04-07,8,10,31,44,49,2,8
2017-04-11,7,12,20,37,39,6,10
2017-04-14,3,6,11,27,34,3,9
2017-04-18,1,4,31,35,42,1,6
2017-04-21,4,12,23,42,49,4,11
2017-04-25,26,27,31,39,50,6,11
2017-04-28,3,7,21,37,41,10,12
2017-05-02,10,20,31,44,48,1,11
2017-05-05,10,18,35,44,50,1,6
2017-05-09,14,26,39,47,48,5,10
2017-05-12,3,13,20,23,48,2,6
2017-05-16,38,43,47,48,50,5,8
2017-05-19,8,26,28,30,35,1,7
2017-05-23,3,17,32,43,49,4,10
2017-05-26,4,5,21,26,43,10,11
2017-05-30,5,16,18,36,40,4,12
2017-06-02,4,21,26,38,40,9,10
2017-06-06,5,11,12,30,43,2,10
2017-06-09,5,21,35,42,43,3,8
2017-06-13,7,13,19,26,27,2,5
2017-06-16,6,14,17,32,38,8,11
2017-06-20,4,23,45,48,49,1,3
2017-06-23,8,21,39,42,45,1,4
2017-06-27,10,22,40,42,44,8,12
2017-06-30,1,9,15,29,36,2,3
2017-07-04,8,12,35,39,40,3,4
2017-07-07,3,6,29,38,42,3,12
2017-07-11,17,18,38,42,45,2,9
2017-07-14,9,14,19,45,50,5,7
2017-07-18,2,9,20,26,35,1,3
2017-07-21,3,22,23,30,35,8,9
2017-07-25,2,17,35,42,44,3,9
2017-07-28,5,21,30,33,34,7,8
2017-08-01,8,23,37,38,40,1,8
2017-08-04,1,3,19,49,50,5,6
2017-08-08,2,7,25,42,49,4,8
2017-08-11,5,7,14,25,50,2,10
2017-08-15,2,14,26,34,45,1,9
2017-08-18,17,28,38,39,48,7,11
2017-08-22,7,17,23,31,45,6,7
2017-08-25,15,17,25,40,50,4,5
2017-08-29,7,27,35,43,44,3,11
2017-09-01,6,8,9,17,34,1,6
2017-09-05,1,17,19,29,49,4,8
2017-09-08,5,13,22,27,38,1,7
2017-09-12,3,6,15,34,39,6,8
2017-09-15,2,3,5,38,39,10,12
2017-09-19,4,7,25,43,50,6,11
2017-09-22,12,18,20,21,28,3,7
2017-09-26,1,2,14,33,47,1,11
2017-09-29,15,20,23,39,50,6,8
2017-10-03,18,25,31,34,45,3,4
2017-10-06,13,17,21,33,44,1,6
2017-10-10,8,29,34,39,46,1,9
2017-10-13,10,11,42,44,48,4,6
2017-10-17,6,21,31,32,49,7,8
2017-10-20,11,13,23,38,45,4,6
2017-10-24,9,29,40,45,50,10,11
2017-10-27,3,28,39,47,49,8,11
2017-10-31,17,29,31,39,50,6,12
2017-11-03,4,13,34,42,48,1,2
2017-11-07,14,21,23,29,47,1,5
2017-11-10,2,4,9,10,25,4,5
2017-11-14,5,33,39,46,50,5,7
2017-11-17,5,17,30,45,48,2,5
2017-11-21,5,12,18,20,41,1,11
2017-11-24,10,29,37,42,44,1,11
2017-11-28,5,15,27,28,30,9,11
2017-12-01,5,9,15,31,47,4,6
2017-12-05,15,18,30,37,38,4,11
2017-12-08,10,22,24,30,36,5,11
2017-12-12,20,30,42,43,49,2,9
2017-12-15,11,14,19,20,50,5,8
2017-12-19,8,12,25,29,32,3,10
2017-12-22,11,15,17,29,42,4,8
2017-12-26,17,24,28,31,39,1,2
2017-12-29,5,6,11,19,50,1,7
2018-01-02,32,45,48,49,50,2,4
2018-01-05,3,14,24,40,47,3,10
2018-01-09,15,29,30,36,50,5,11
2018-01-12,19,21,41,43,50,1,3
2018-01-16,11,22,27,29,40,5,11
2018-01-19,10,18,24,37,40,3,6
2018-01-23,15,16,20,35,44,4,10
2018-01-26,15,20,21,27,31,2,6
2018-01-30,7,27,35,40,42,2,10
2018-02-02,14,18,21,29,44,3,5
2018-02-06,5,10,28,41,43,3,7
2018-02-09,3,12,16,28,30,9,10
2018-02-13,10,17,22,32,43,3,10
2018-02-16,10,24,41,45,48,4,5
2018-02-20,7,32,38,40,49,2,11
2018-02-23,4,33,36,43,47,2,5
2018-02-27,3,9,19,29,39,3,4
2018-03-02,2,19,39,43,48,5,6
2018-03-06,6,15,34,35,50,5,12
2018-03-09,10,18,24,30,37,1,4
2018-03-13,2,8,22,35,40,1,11
2018-03-16,3,11,13,24,42,4,6
2018-03-20,2,17,31,36,43,8,11
2018-03-23,1,2,16,28,36,7,11
2018-03-27,15,18,28,41,42,1,8
2018-03-30,2,13,23,25,30,6,9
2018-04-03,8,15,20,24,43,4,6
2018-04-06,3,8,28,37,40,1,4
2018-04-10,4,12,45,48,50,1,9
2018-04-13,7,12,30,44,50,2,7
2018-04-17,25,28,37,42,46,4,5
2018-04-20,7,10,22,36,42,8,12
2018-04-24,14,29,35,38,48,3,9
2018-04-27,12,14,16,31,34,6,12
2018-05-01,4,29,34,35,44,1,11
2018-05-04,15,18,27,37,47,8,10
2018-05-08,12,20,23,39,45,1,8
2018-05-11,5,7,17,23,42,5,12
2018-05-15,4,6,10,33,38,3,9
2018-05-18,6,31,37,44,48,6,7
2018-05-22,5,10,38,41,44,2,4
2018-05-25,14,24,29,33,44,6,10
2018-05-29,19,26,27,36,44,10,12
2018-06-01,14,30,42,48,50,4,6
2018-06-05,4,17,20,25,44,3,6
2018-06-08,8,23,25,39,45,1,2
2018-06-12,18,21,27,28,32,5,9
2018-06-15,4,7,9,10,28,4,6
2018-06-19,8,11,12,28,40,5,6
2018-06-22,1,6,15,17,35,1,4
2018-06-26,15,35,39,44,50,1,3
2018-06-29,13,18,19,32,49,2,3
2018-07-03,10,20,21,35,45,1,4
2018-07-06,19,22,35,37,44,1,10
2018-07-10,15,22,23,32,35,2,11
2018-07-13,3,13,27,34,50,6,8
2018-07-17,19,33,35,46,47,5,12
2018-07-20,1,27,28,33,40,9,10
2018-07-24,5,8,11,42,50,1,6
2018-07-27,25,27,38,40,46,2,8
2018-07-31,5,9,12,23,45,3,11
2018-08-03,5,7,17,19,27,4,11
2018-08-07,7,20,38,44,50,1,8
2018-08-10,17,30,39,48,50,2,6
2018-08-14,2,9,27,28,38,5,6
2018-08-17,3,8,14,24,38,4,6
2018-08-21,4,19,29,44,45,6,11
2018-08-24,6,11,19,30,35,1,5
2018-08-28,2,5,16,43,49,2,6
2018-08-31,1,15,17,39,44,1,9
2018-09-04,1,3,5,30,41,4,10
2018-09-07,1,4,10,27,41,7,9
2018-09-11,1,12,20,32,37,2,7
2018-09-14,10,13,21,26,29,8,10
2018-09-18,6,19,21,24,33,3,4
2018-09-21,11,31,34,35,45,8,11
2018-09-25,9,16,34,42,48,6,8
2018-09-28,13,18,27,28,41,4,11
2018-10-02,5,26,27,32,46,7,10
2018-10-05,19,35,37,49,50,3,5
2018-10-09,11,15,23,44,46,6,11
2018-10-12,3,4,7,34,37,4,10
2018-10-16,5,11,19,22,46,2,3
2018-10-19,6,8,11,13,14,4,5
2018-10-23,18,22,27,40,43,4,10
2018-10-26,31,43,44,46,50,10,11
2018-10-30,2,15,35,36,40,4,11
2018-11-02,4,27,30,32,50,4,10
2018-11-06,1,4,14,25,27,3,11
2018-11-09,2,5,12,27,32,3,11
2018-11-13,4,14,20,36,43,3,8
2018-11-16,4,21,22,30,49,3,8
2018-11-20,20,37,38,39,41,2,5
2018-11-23,13,16,36,38,46,1,2
2018-11-27,9,15,31,42,45,4,12
2018-11-30,4,12,19,25,33,1,11
2018-12-04,3,27,34,46,50,1,3
2018-12-07,10,17,22,28,43,5,6
2018-12-11,10,19,29,32,37,4,6
2018-12-14,2,8,23,29,45,9,10
2018-12-18,8,18,20,33,35,2,4
2018-12-21,4,10,25,29,50,4,6
2018-12-25,3,13,36,42,43,3,11
2018-12-28,3,19,22,23,25,5,11
2019-01-01,3,10,22,29,43,3,4
2019-01-04,5,15,29,39,50,1,4
2019-01-08,20,25,34,38,44,4,11
2019-01-11,11,31,37,42,47,3,8
2019-01-15,9,25,33,37,41,5,11
2019-01-18,19,31,35,40,42,3,10
2019-01-22,12,26,31,38,45,6,7
2019-01-25,2,4,19,24,48,4,11
2019-01-29,1,20,27,34,45,1,3
2019-02-01,1,7,12,28,50,7,10
2019-02-05,1,15,24,40,48,2,8
2019-02-08,7,14,18,25,42,4,7
2019-02-12,8,16,33,43,44,7,11
2019-02-15,2,24,35,46,50,7,11
2019-02-19,13,21,34,38,44,9,10
2019-02-22,7,9,15,38,42,10,12
2019-02-26,2,10,11,34,50,5,10
2019-03-01,15,21,22,24,38,2,10
2019-03-05,8,19,30,40,42,2,5
2019-03-08,3,7,14,34,43,9,11
2019-03-12,6,13,31,36,44,1,11
2019-03-15,1,17,20,41,45,1,2
2019-03-19,5,23,26,32,48,3,11
2019-03-22,8,11,13,15,28,2,8
2019-03-26,8,16,26,41,44,5,9
2019-03-29,5,13,15,26,47,4,12
2019-04-02,6,7,15,18,42,8,11
2019-04-05,10,20,26,27,50,1,5
2019-04-09,9,11,20,49,50,3,11
2019-04-12,2,15,19,20,31,9,10
2019-04-16,13,16,29,35,38,6,10
2019-04-19,3,15,17,24,46,3,8
2019-04-23,14,34,45,48,49,2,9
2019-04-26,9,12,27,28,50,2,12
2019-04-30,2,5,18,27,46,8,9
2019-05-03,2,12,31,41,49,6,9
2019-05-07,1,28,41,44,45,6,7
2019-05-10,4,7,24,30,41,8,9
2019-05-14,7,10,35,38,48,2,10
2019-05-17,3,4,37,41,44,6,7
2019-05-21,1,7,8,28,48,1,6
2019-05-24,1,10,11,39,43,1,3
2019-05-28,3,14,38,41,43,6,12
2019-05-31,3,5,16,20,29,1,9
2019-06-04,7,19,20,38,48,5,10
2019-06-07,4,8,28,36,40,1,6
2019-06-11,4,20,34,36,40,5,7
2019-06-14,9,20,32,44,45,10,11
2019-06-18,3,23,29,37,48,3,11
2019-06-21,4,9,11,18,44,4,9
2019-06-25,4,19,29,41,50,4,8
2019-06-28,7,21,42,46,48,8,11
2019-07-02,19,20,25,41,46,7,8
2019-07-05,3,4,10,20,49,1,6
2019-07-09,9,15,23,30,37,5,7
2019-07-12,4,15,31,37,44,1,2
2019-07-16,17,40,41,44,50,6,12
2019-07-19,6,7,17,24,29,10,12
2019-07-23,9,23,27,33,46,2,5
2019-07-26,4,14,21,25,43,2,8
2019-07-30,12,20,29,31,50,4,5
2019-08-02,20,22,28,36,42,2,8
2019-08-06,1,27,33,39,45,3,10
2019-08-09,4,9,34,41,46,2,4
2019-08-13,12,24,25,30,37,1,5
2019-08-16,2,7,15,30,39,2,6
2019-08-20,7,9,35,38,42,8,11
2019-08-23,26,32,35,41,43,5,6
2019-08-27,5,7,22,26,48,1,9
2019-08-30,1,2,7,9,19,2,3
2019-09-03,3,8,15,23,46,9,11
2019-09-06,9,37,44,45,50,5,8
2019-09-10,1,20,24,25,38,3,8
2019-09-13,24,34,37,43,44,4,5
2019-09-17,7,21,24,42,47,4,9
2019-09-20,6,15,16,31,41,6,11
2019-09-24,5,10,15,29,48,4,12
2019-09-27,7,9,17,40,45,1,6
2019-10-01,13,16,25,33,48,5,9
2019-10-04,14,16,29,36,38,9,11
2019-10-08,4,18,26,36,47,10,11
2019-10-11,1,13,26,43,47,5,9
2019-10-15,14,17,21,27,50,1,11
2019-10-18,17,22,31,32,42,5,10
2019-10-22,6,8,22,35,39,9,12
2019-10-25,13,29,36,38,44,1,2
2019-10-29,1,4,17,30,38,4,8
2019-11-01,2,31,35,40,43,5,11
2019-11-05,10,11,19,30,34,6,8
2019-11-08,11,25,26,32,38,5,11
2019-11-12,13,20,30,37,41,4,6
2019-11-15,6,16,33,35,38,6,11
2019-11-19,5,8,25,33,41,5,6
2019-11-22,9,15,23,31,44,4,10
2019-11-26,4,9,18,29,42,4,5
2019-11-29,1,28,31,32,47,2,4
2019-12-03,3,11,17,22,47,10,12
2019-12-06,9,10,21,27,33,3,10
2019-12-10,13,16,19,22,27,4,11
2019-12-13,7,21,25,44,50,2,5
2019-12-17,7,29,32,33,38,2,7
2019-12-20,2,11,16,19,24,5,8
2019-12-24,36,37,38,44,47,5,8
2019-12-27,2,15,39,49,50,6,9
2019-12-31,21,28,40,42,44,1,6
2020-01-03,4,12,25,26,34,6,7
2020-01-07,4,10,14,24,31,4,10
2020-01-10,4,8,12,34,42,5,8
2020-01-14,4,22,24,26,42,2,8
2020-01-17,2,4,15,17,40,4,7
2020-01-21,10,14,23,29,38,2,11
2020-01-24,4,19,29,44,48,3,4
2020-01-28,15,18,30,42,49,4,7
2020-01-31,9,14,34,45,49,1,8
2020-02-04,3,11,40,42,45,3,6
2020-02-07,22,34,36,40,44,2,5
2020-02-11,3,20,26,37,44,5,7
2020-02-14,15,29,31,39,48,3,5
2020-02-18,7,19,24,28,41,3,5
2020-02-21,5,13,27,28,42,2,11
2020-02-25,3,14,26,36,45,9,10
2020-02-28,4,5,19,22,29,4,10
2020-03-03,6,8,12,38,43,1,11
2020-03-06,2,15,19,33,39,6,7
2020-03-10,16,23,35,36,42,5,9
2020-03-13,17,30,35,40,45,3,11
2020-03-17,2,3,14,20,39,8,11
2020-03-20,10,27,37,42,50,3,5
2020-03-24,5,16,30,31,37,2,3
2020-03-27,1,2,23,25,36,3,9
2020-03-31,8,9,38,41,44,1,2
2020-04-03,4,17,20,24,37,4,10
2020-04-07,9,14,16,30,50,1,5
2020-04-10,4,7,14,28,33,8,9
2020-04-14,4,14,17,21,44,6,9
2020-04-17,13,15,17,23,50,1,9
2020-04-21,3,15,20,32,45,5,9
2020-04-24,6,13,23,26,49,1,11
2020-04-28,14,17,36,43,44,3,8
2020-05-01,10,11,21,25,33,2,10
2020-05-05,11,16,27,31,42,6,8
2020-05-08,5,11,17,29,34,4,10
2020-05-12,4,17,40,45,50,8,10
2020-05-15,6,15,28,32,42,1,11
2020-05-19,3,9,10,13,43,3,7
2020-05-22,13,20,24,29,30,4,8
2020-05-26,2,29,36,43,50,1,10
2020-05-29,7,19,24,48,50,2,3
2020-06-02,19,32,35,37,39,1,11
2020-06-05,6,15,20,31,42,4,8
2020-06-09,11,20,34,44,45,5,6
2020-06-12,5,6,8,19,27,1,8
2020-06-16,5,19,24,41,42,1,3
2020-06-19,9,15,17,24,44,4,11
2020-06-23,3,7,15,21,33,5,10
2020-06-26,2,12,26,38,50,9,10
2020-06-30,22,30,31,41,44,5,9
2020-07-03,4,20,25,31,37,1,5
2020-07-07,3,28,40,41,45,1,12
2020-07-10,14,17,33,46,50,9,11
2020-07-14,4,21,31,39,45,3,8
2020-07-17,3,7,27,33,45,3,6
2020-07-21,33,35,38,40,44,5,8
2020-07-24,3,10,12,28,38,3,8
2020-07-28,2,31,36,48,50,3,11
2020-07-31,5,14,20,29,37,4,11
2020-08-04,4,5,20,46,50,5,12
2020-08-07,9,18,24,29,34,4,9
2020-08-11,6,20,24,31,36,1,8
2020-08-14,12,20,22,29,47,2,5
2020-08-18,10,19,21,43,50,8,9
2020-08-21,4,14,21,22,43,1,3
2020-08-25,5,12,20,31,43,4,12
2020-08-28,10,37,39,41,48,6,10
2020-09-01,14,15,19,29,39,2,8
2020-09-04,28,31,32,37,48,5,9
2020-09-08,20,22,24,42,49,3,10
2020-09-11,4,6,7,20,28,6,11
2020-09-15,6,15,23,33,45,8,10
2020-09-18,24,26,33,42,44,3,11
2020-09-22,11,17,37,47,50,1,5
2020-09-25,15,18,23,41,47,9,11
2020-09-29,6,12,15,19,43,9,12
2020-10-02,2,6,17,31,49,4,8
2020-10-06,10,18,27,33,41,10,11
2020-10-09,3,20,27,30,43,5,12
2020-10-13,3,20,21,23,25,2,4
2020-10-16,5,16,24,40,48,6,10
2020-10-20,1,4,23,33,42,2,5
2020-10-23,8,15,16,32,35,1,4
2020-10-27,16,22,23,36,39,7,9
2020-10-30,5,21,25,32,35,6,10
2020-11-03,5,6,30,36,40,4,7
2020-11-06,15,20,26,27,48,1,2
2020-11-10,3,13,16,31,36,3,4
2020-11-13,9,13,26,45,46,2,10
2020-11-17,20,31,35,36,48,1,9
2020-11-20,10,13,20,30,35,2,11
2020-11-24,8,13,20,28,49,5,8
2020-11-27,6,7,17,23,24,4,8
2020-12-01,3,19,21,43,46,3,9
2020-12-04,5,10,17,30,38,3,9
2020-12-08,1,11,27,32,49,1,2
2020-12-11,16,17,21,29,37,8,11
2020-12-15,18,22,40,41,44,1,5
2020-12-18,5,10,34,40,44,10,11
2020-12-22,3,13,21,25,42,3,9
2020-12-25,14,19,23,31,46,2,4
2020-12-29,34,37,38,43,44,1,8
2021-01-01,9,15,17,43,48,3,12
2021-01-05,5,18,19,21,50,9,10
2021-01-08,14,21,29,39,50,2,11
2021-01-12,12,27,29,38,39,1,4
2021-01-15,4,6,13,20,47,5,8
2021-01-19,10,12,15,38,44,6,9
2021-01-22,2,15,20,35,42,4,9
2021-01-26,4,10,28,42,45,6,11
2021-01-29,14,18,25,27,47,2,11
2021-02-02,4,5,8,22,36,3,8
2021-02-05,3,4,17,19,29,8,12
2021-02-09,3,9,23,29,39,6,8
2021-02-12,28,37,42,45,49,5,8
2021-02-16,8,35,38,40,48,1,3
2021-02-19,12,19,23,39,43,1,5
2021-02-23,17,24,27,42,50,8,12
2021-02-26,8,10,26,38,40,2,11
2021-03-02,1,4,11,15,32,3,4
2021-03-05,4,16,22,33,34,2,7
2021-03-09,11,27,39,48,50,1,11
2021-03-12,1,21,24,39,45,4,7
2021-03-16,3,31,33,38,44,3,12
2021-03-19,6,16,27,29,47,8,10
2021-03-23,4,9,12,40,46,2,3
2021-03-26,9,27,29,30,34,7,8
2021-03-30,6,19,31,32,50,8,9
2021-04-02,19,23,25,41,49,1,12
2021-04-06,10,12,23,49,50,5,9
2021-04-09,4,6,7,20,29,9,11
2021-04-13,10,11,29,45,46,7,8
2021-04-16,3,4,7,21,29,2,6
2021-04-20,3,7,23,24,25,3,6
2021-04-23,17,26,30,37,49,2,11
2021-04-27,5,7,17,21,40,2,4
2021-04-30,4,10,30,32,50,7,12
2021-05-04,22,31,34,43,47,1,9
2021-05-07,2,5,19,43,45,2,10
2021-05-11,6,7,11,17,38,2,8
2021-05-14,8,11,37,39,45,3,9
2021-05-18,4,21,28,37,44,3,6
2021-05-21,5,10,18,20,34,2,3
2021-05-25,2,4,30,37,41,1,6
2021-05-28,16,30,39,43,46,1,6
2021-06-01,4,8,16,40,41,3,10
2021-06-04,5,8,29,36,39,11,12
2021-06-08,2,7,17,28,37,3,5
2021-06-11,3,4,7,20,40,3,10
2021-06-15,6,14,21,42,44,2,8
2021-06-18,5,25,27,32,34,3,10
2021-06-22,1,6,11,31,43,2,4
2021-06-25,3,7,21,23,49,9,10
2021-06-29,2,11,21,31,42,2,5
2021-07-02,10,29,30,33,49,1,4
2021-07-06,13,29,38,44,46,11,12
2021-07-09,4,20,21,25,26,4,5
2021-07-13,21,26,33,34,47,4,7
2021-07-16,7,11,15,33,34,11,12
2021-07-20,1,5,28,33,41,3,11
2021-07-23,6,10,23,24,46,2,11
2021-07-27,1,14,34,35,49,5,12
2021-07-30,6,8,25,29,47,2,11
2021-08-03,7,8,43,44,48,8,11
2021-08-06,3,22,25,33,36,2,3
2021-08-10,3,20,30,40,45,6,8
2021-08-13,8,22,45,46,50,5,6
2021-08-17,7,12,23,35,48,1,11
2021-08-20,10,29,35,46,50,1,10
2021-08-24,6,7,20,34,46,3,10
2021-08-27,9,20,27,29,36,1,2
2021-08-31,5,12,16,27,35,2,11
2021-09-03,5,30,32,33,49,1,10
2021-09-07,4,23,24,30,43,1,9
2021-09-10,4,27,33,34,41,7,10
2021-09-14,17,18,29,35,39,1,2
2021-09-17,4,10,21,27,34,5,10
2021-09-21,11,20,23,31,46,6,11
2021-09-24,8,17,31,43,50,1,12
2021-09-28,4,26,34,35,41,3,4
2021-10-01,7,24,25,41,46,4,6
2021-10-05,7,16,35,37,42,2,11
2021-10-08,2,13,18,19,22,5,10
2021-10-12,8,9,24,47,49,6,8
2021-10-15,6,14,24,31,35,1,8
2021-10-19,14,15,21,33,38,4,5
2021-10-22,12,14,35,39,44,8,10
2021-10-26,9,13,33,39,41,9,10
2021-10-29,30,35,37,41,45,5,8
2021-11-02,2,10,11,31,41,1,2
2021-11-05,20,26,35,37,38,4,12
2021-11-09,21,22,39,46,48,2,5
2021-11-12,12,19,26,40,49,3,9
2021-11-16,7,13,15,19,40,7,10
2021-11-19,11,20,23,37,44,1,10
2021-11-23,7,13,23,32,45,8,10
2021-11-26,9,10,13,25,36,2,6
2021-11-30,2,26,38,48,50,1,7
2021-12-03,4,24,29,33,50,4,8
2021-12-07,17,27,29,41,47,10,12
2021-12-10,16,22,25,27,28,4,10
2021-12-14,8,9,24,28,50,2,7
2021-12-17,1,11,15,22,25,2,6
2021-12-21,9,12,17,40,44,5,8
2021-12-24,1,2,13,23,30,8,12
2021-12-28,6,9,11,13,40,1,11
2021-12-31,5,10,12,18,20,2,8
2022-01-04,1,28,29,39,40,6,11
2022-01-07,16,18,29,37,49,4,11
2022-01-11,6,13,30,36,49,9,12
2022-01-14,7,9,19,37,44,1,10
2022-01-18,4,7,8,18,21,1,10
2022-01-21,4,10,23,24,46,1,12
2022-01-25,14,15,17,25,27,1,8
2022-01-28,6,9,20,36,45,3,11
2022-02-01,4,6,20,27,39,5,9
2022-02-04,10,14,43,46,47,6,12
2022-02-08,15,33,44,46,50,3,4
2022-02-11,12,17,19,21,27,6,8
2022-02-15,3,13,25,43,48,1,2
2022-02-18,5,6,20,30,41,6,9
2022-02-22,1,24,25,48,49,5,8
2022-02-25,17,22,23,33,45,1,4
2022-03-01,21,28,38,39,45,1,12
2022-03-04,5,9,15,21,23,11,12
2022-03-08,4,39,45,47,50,3,4
2022-03-11,8,20,35,36,42,2,3
2022-03-15,9,12,41,44,48,2,4
2022-03-18,13,22,30,36,45,6,8
2022-03-22,12,18,25,38,40,5,10
2022-03-25,1,3,8,18,26,5,10
2022-03-29,8,34,35,39,47,3,4
2022-04-01,2,22,38,40,49,2,9
2022-04-05,17,30,34,41,43,5,12
2022-04-08,24,27,30,31,45,1,7
2022-04-12,1,3,14,19,20,3,12
2022-04-15,21,22,27,34,37,3,10
2022-04-19,1,15,21,29,30,4,7
2022-04-22,1,5,15,17,30,5,12
2022-04-26,2,20,25,33,37,2,11
2022-04-29,11,18,19,27,44,3,10
2022-05-03,6,11,16,21,45,9,11
2022-05-06,5,11,16,43,44,3,11
2022-05-10,4,9,22,23,48,1,2
2022-05-13,8,9,23,41,44,1,11
2022-05-17,3,25,35,36,48,5,8
2022-05-20,9,10,38,43,48,5,10
2022-05-24,3,14,28,37,39,5,10
2022-05-27,19,20,25,37,42,8,10
2022-05-31,14,30,36,40,48,8,10
2022-06-03,1,3,17,35,36,3,8
2022-06-07,16,17,26,33,37,2,11
2022-06-10,5,19,20,35,45,4,12
2022-06-14,15,17,20,38,49,11,12
2022-06-17,7,18,27,30,35,3,4
2022-06-21,4,9,12,18,40,8,12
2022-06-24,1,17,38,40,44,3,9
2022-06-28,6,18,30,37,50,4,7
2022-07-01,4,10,19,48,49,1,2
2022-07-05,3,5,6,7,11,2,5
2022-07-08,1,17,23,28,29,8,12
2022-07-12,2,17,24,36,46,2,10
2022-07-15,12,14,29,34,46,9,11
2022-07-19,4,11,30,36,38,4,6
2022-07-22,11,21,29,43,50,11,12
2022-07-26,14,20,27,34,42,2,10
2022-07-29,10,18,19,20,26,2,5
2022-08-02,13,33,43,45,50,1,5
2022-08-05,5,27,30,38,44,1,5
2022-08-09,9,19,26,44,49,7,9
2022-08-12,4,8,23,27,46,7,11
2022-08-16,6,7,14,27,43,4,8
2022-08-19,11,19,21,25,38,2,8
2022-08-23,2,13,14,20,22,1,12
2022-08-26,5,14,17,26,40,3,4
2022-08-30,19,21,23,28,50,2,8
2022-09-02,1,17,24,35,38,3,10
2022-09-06,6,20,27,38,47,2,6
2022-09-09,28,32,34,44,49,1,7
2022-09-13,2,14,30,41,45,4,10
2022-09-16,23,25,30,31,40,2,9
2022-09-20,3,19,31,36,39,5,8
2022-09-23,2,4,5,16,23,2,9
2022-09-27,1,5,23,34,37,6,7
2022-09-30,5,6,16,20,23,9,10
2022-10-04,4,19,35,38,48,3,5
2022-10-07,5,19,33,38,47,1,11
2022-10-11,2,12,35,39,44,3,7
2022-10-14,19,20,23,24,44,3,11
2022-10-18,21,25,29,31,32,10,12
2022-10-21,7,21,27,32,34,1,2
2022-10-25,4,8,11,20,40,3,5
2022-10-28,25,29,33,47,50,4,12
2022-11-01,18,27,35,37,40,5,9
2022-11-04,1,3,19,30,50,1,6
2022-11-08,3,22,26,35,44,3,11
2022-11-11,9,26,28,33,43,5,10
2022-11-15,3,5,29,30,50,3,5
2022-11-18,5,13,28,39,44,4,7
2022-11-22,4,9,23,27,43,10,11
2022-11-25,4,11,19,24,29,3,10
2022-11-29,4,11,14,29,42,4,12
2022-12-02,3,4,14,19,38,3,6
2022-12-06,14,23,30,34,40,5,8
2022-12-09,17,24,36,44,45,1,4
2022-12-13,15,16,26,30,49,1,2
2022-12-16,1,7,8,23,36,5,10
2022-12-20,3,4,24,26,37,5,7
2022-12-23,3,18,41,43,44,4,9
2022-12-27,21,27,30,31,40,8,10
2022-12-30,12,17,23,39,44,3,9
2023-01-03,6,20,21,22,44,5,11
2023-01-06,14,16,20,22,25,10,12
2023-01-10,7,8,25,30,35,1,8
2023-01-13,19,23,40,45,49,7,10
2023-01-17,27,31,32,45,50,7,11
2023-01-20,7,8,26,33,44,5,6
2023-01-24,2,13,24,29,50,6,8
2023-01-27,2,7,15,17,30,3,10
2023-01-31,3,10,24,25,44,7,9
2023-02-03,1,4,22,35,44,5,9
2023-02-07,7,9,14,23,45,5,11
2023-02-10,11,17,20,21,36,4,8
2023-02-14,4,21,25,38,44,4,10
2023-02-17,8,13,19,26,44,2,7
2023-02-21,5,23,29,43,46,10,11
2023-02-24,2,13,20,26,28,3,8
2023-02-28,6,17,27,48,50,9,10
2023-03-03,10,25,29,35,37,3,4
2023-03-07,7,12,36,37,42,6,11
2023-03-10,16,30,39,41,47,7,9
2023-03-14,23,24,36,41,46,1,10
2023-03-17,1,4,18,38,49,2,11
2023-03-21,17,19,20,35,50,3,6
2023-03-24,1,24,37,45,46,4,6
2023-03-28,2,19,30,38,42,3,6
2023-03-31,9,20,23,36,39,4,9
2023-04-04,20,27,30,35,50,6,11
2023-04-07,17,24,26,33,44,3,11
2023-04-11,4,24,27,28,50,2,12
2023-04-14,11,21,29,34,38,6,10
2023-04-18,5,6,12,42,47,4,5
2023-04-21,27,31,39,40,50,2,11
2023-04-25,5,19,23,40,49,3,11
2023-04-28,7,12,41,45,48,10,11
2023-05-02,2,4,7,25,27,3,9
2023-05-05,4,17,24,44,48,4,11
2023-05-09,4,12,23,39,45,5,7
2023-05-12,1,15,30,34,48,8,12
2023-05-16,3,4,20,25,42,7,9
2023-05-19,8,14,20,26,33,10,11
2023-05-23,14,15,24,25,32,9,10
2023-05-26,3,8,10,13,50,3,6
2023-05-30,11,15,19,30,36,9,12
2023-06-02,3,20,23,29,31,9,10
2023-06-06,22,23,27,48,50,4,10
2023-06-09,19,26,38,48,50,6,11
2023-06-13,4,10,17,27,32,3,10
2023-06-16,2,7,9,17,20,5,6
2023-06-20,1,3,10,20,30,4,9
2023-06-23,8,17,21,44,49,4,12
2023-06-27,16,25,26,30,45,2,7
2023-06-30,1,27,28,29,45,9,11
2023-07-04,13,16,32,33,37,3,5
2023-07-07,4,12,29,34,37,2,12
2023-07-11,18,19,31,33,44,3,6
2023-07-14,3,13,27,35,41,5,11
2023-07-18,4,15,19,22,27,6,10
2023-07-21,9,14,24,39,40,3,10
2023-07-25,7,32,40,43,48,6,10
2023-07-28,1,6,8,15,48,4,11
2023-08-01,8,10,18,19,37,1,10
2023-08-04,4,5,11,44,47,3,5
2023-08-08,2,11,38,42,48,3,5
2023-08-11,11,18,23,38,45,2,3
2023-08-15,15,20,27,30,35,1,7
2023-08-18,8,14,39,45,49,1,2
2023-08-22,20,31,35,39,48,6,11
2023-08-25,11,16,45,49,50,6,8
2023-08-29,5,21,23,40,47,8,10
2023-09-01,5,6,10,15,33,1,9
2023-09-05,10,31,39,44,49,9,11
2023-09-08,2,6,11,16,27,1,9
2023-09-12,3,5,33,42,47,7,11
2023-09-15,6,26,27,29,44,2,8
2023-09-19,1,3,7,14,39,9,12
2023-09-22,7,19,30,38,41,1,3
2023-09-26,23,28,31,33,49,1,2
2023-09-29,8,9,23,31,40,1,10
2023-10-03,6,15,23,30,49,2,5
2023-10-06,19,23,35,46,50,4,8
2023-10-10,15,27,33,47,50,1,8
2023-10-13,9,18,20,23,33,3,7
2023-10-17,10,13,22,25,42,5,12
2023-10-20,9,23,27,34,37,2,10
2023-10-24,10,14,18,31,48,8,10
2023-10-27,16,25,29,41,43,4,11
2023-10-31,7,23,25,45,49,2,7
2023-11-03,11,16,24,39,40,6,9
2023-11-07,9,17,28,43,50,3,10
2023-11-10,3,4,6,15,17,2,12
2023-11-14,1,3,19,26,50,9,10
2023-11-17,4,25,28,42,44,4,10
2023-11-21,34,35,42,46,50,2,9
2023-11-24,14,19,28,42,49,5,7
2023-11-28,3,8,14,17,25,9,12
2023-12-01,9,20,21,38,40,2,5
2023-12-05,2,3,18,22,41,11,12
2023-12-08,1,16,23,31,38,1,4
2023-12-12,5,23,30,39,50,5,7
2023-12-15,3,17,18,21,33,1,9
2023-12-19,15,20,43,44,50,6,12
2023-12-22,2,8,19,34,44,1,12
2023-12-26,5,27,32,33,40,10,12
2023-12-29,8,14,24,36,38,2,11
2024-01-02,4,5,15,24,47,3,5
2024-01-05,3,13,19,38,45,7,8
2024-01-09,14,16,23,34,50,1,2
2024-01-12,3,18,20,34,41,1,9
2024-01-16,2,4,15,24,33,1,4
2024-01-19,15,22,29,34,35,1,5
2024-01-23,12,18,21,29,38,1,2
2024-01-26,8,15,35,46,48,5,8
2024-01-30,9,22,23,26,41,1,11
2024-02-02,4,7,14,18,29,8,11
2024-02-06,7,24,34,37,47,3,11
2024-02-09,14,20,28,41,48,2,9
2024-02-13,7,12,20,34,50,1,9
2024-02-16,1,16,38,40,42,3,8
2024-02-20,3,22,30,34,40,1,12
2024-02-23,2,11,15,24,27,5,9
2024-02-27,5,16,18,19,47,1,12
2024-03-01,14,20,23,30,39,1,6
2024-03-05,3,4,6,13,42,6,7
2024-03-08,2,4,5,9,38,1,6
2024-03-12,6,10,15,33,49,6,12
2024-03-15,11,26,29,30,42,1,4
2024-03-19,1,4,20,26,36,2,6
2024-03-22,4,12,13,31,39,8,11
2024-03-26,5,19,31,40,44,5,8
2024-03-29,2,22,31,40,43,3,10
2024-04-02,10,30,45,46,47,1,6
2024-04-05,16,17,23,29,41,8,10
2024-04-09,2,3,35,43,49,5,9
2024-04-12,4,7,27,31,36,1,2
2024-04-16,10,14,29,34,43,2,11
2024-04-19,11,14,21,36,45,8,10
2024-04-23,2,3,28,33,44,5,9
2024-04-26,10,24,29,30,43,4,11
2024-04-30,9,20,34,44,48,3,10
2024-05-03,1,14,17,36,40,2,11
2024-05-07,11,16,29,36,45,2,6
2024-05-10,11,22,23,29,31,1,5
2024-05-14,2,17,31,38,49,3,7
2024-05-17,1,5,17,44,50,9,11
2024-05-21,11,12,18,33,44,2,4
2024-05-24,1,5,9,15,49,2,11
2024-05-28,10,18,26,32,40,2,6
2024-05-31,15,27,43,45,50,4,6
2024-06-04,6,15,29,35,42,3,4
2024-06-07,3,8,16,21,31,2,7
2024-06-11,4,8,13,40,48,3,6
2024-06-14,7,15,16,21,36,4,12
2024-06-18,22,27,29,32,40,9,11
2024-06-21,19,20,21,25,37,10,12
2024-06-25,3,10,21,28,29,4,8
2024-06-28,5,20,23,32,35,1,12
2024-07-02,12,29,38,43,46,1,7
2024-07-05,3,15,37,40,50,4,11
2024-07-09,5,17,20,27,46,3,6
2024-07-12,4,6,7,12,45,4,11
2024-07-16,2,8,11,44,47,8,9
2024-07-19,5,6,7,24,39,4,11
2024-07-23,8,13,16,24,25,3,11
2024-07-26,4,11,13,16,26,7,9
2024-07-30,12,13,16,17,42,3,8
2024-08-02,9,21,25,46,50,3,6
2024-08-06,33,38,45,48,49,3,8
2024-08-09,3,5,6,7,35,1,6
2024-08-13,6,12,13,19,35,3,6
2024-08-16,7,30,36,37,41,8,11
2024-08-20,5,17,19,37,41,4,11
2024-08-23,11,19,33,38,46,4,9
2024-08-27,1,5,13,17,33,3,9
2024-08-30,4,9,22,35,39,6,10
2024-09-03,11,25,39,40,50,2,7
2024-09-06,4,14,37,42,47,1,11
2024-09-10,4,5,8,38,42,2,10
2024-09-13,27,28,37,40,48,3,11
2024-09-17,20,21,25,46,50,1,6
2024-09-20,14,16,31,41,50,3,8
2024-09-24,3,6,19,30,47,3,9
2024-09-27,1,9,14,20,41,2,11
2024-10-01,5,7,26,29,32,6,10
2024-10-04,1,6,15,29,38,6,11
2024-10-08,4,11,29,43,48,2,6
2024-10-11,14,16,33,35,39,6,7
2024-10-15,1,10,22,23,46,1,3
2024-10-18,3,13,15,28,49,3,12
2024-10-22,4,24,29,40,47,8,10
2024-10-25,3,13,17,27,31,2,4
2024-10-29,1,9,13,30,31,1,8
2024-11-01,3,8,14,20,35,3,4
2024-11-05,18,19,39,48,50,9,10
2024-11-08,5,15,17,18,39,6,11
2024-11-12,22,24,27,28,31,2,4
2024-11-15,1,20,33,35,49,1,8
2024-11-19,4,44,45,47,48,3,9
2024-11-22,1,7,20,22,45,6,10
2024-11-26,13,34,37,40,45,3,4
2024-11-29,15,20,33,34,47,9,11
2024-12-03,4,7,20,41,47,5,8
2024-12-06,3,29,30,31,38,2,6
2024-12-10,18,32,43,46,49,1,2
2024-12-13,5,9,24,37,44,6,9
2024-12-17,4,16,35,44,45,2,6
2024-12-20,29,33,39,46,48,2,3
2024-12-24,2,7,20,32,40,6,10
2024-12-27,7,21,33,42,43,2,6
2024-12-31,14,28,37,46,48,1,7
2025-01-03,15,21,38,42,44,4,9
2025-01-07,8,20,23,24,34,6,12
2025-01-10,5,24,26,28,48,4,12
2025-01-14,6,12,17,29,46,5,9
2025-01-17,11,17,19,31,34,5,6
2025-01-21,4,18,20,21,49,2,11
2025-01-24,4,15,20,42,45,5,11
2025-01-28,11,31,40,42,50,3,12
2025-01-31,2,3,17,21,50,3,12
2025-02-04,2,13,27,34,49,2,3
2025-02-07,5,17,20,23,33,1,9
2025-02-11,13,22,24,39,40,4,8
2025-02-14,4,11,21,28,38,9,11
2025-02-18,3,14,18,20,48,4,12
2025-02-21,11,15,29,37,41,8,10
2025-02-25,8,18,28,34,47,2,10
2025-02-28,4,8,13,32,45,6,8
2025-03-04,4,17,21,37,40,1,3
2025-03-07,3,20,36,44,50,3,7
2025-03-11,5,7,23,30,42,11,12
2025-03-14,1,16,23,36,40,7,9
2025-03-18,17,22,35,36,50,3,10
2025-03-21,7,19,27,31,33,3,8
2025-03-25,2,6,11,22,27,1,5
2025-03-28,8,15,19,30,35,4,8
2025-04-01,19,23,28,29,37,3,8
2025-04-04,14,24,27,30,41,3,4
2025-04-08,3,12,21,27,37,4,9
2025-04-11,6,27,32,34,44,3,8
2025-04-15,12,31,33,34,45,5,7
2025-04-18,2,8,21,23,34,1,3
2025-04-22,8,17,20,22,40,9,12
2025-04-25,6,8,15,16,31,5,8
2025-04-29,21,37,40,41,43,1,8
2025-05-02,5,13,23,27,39,9,10
2025-05-06,9,28,38,43,45,2,5
2025-05-09,6,15,20,26,42,6,10
2025-05-13,3,9,10,13,42,3,10
2025-05-16,7,23,25,29,44,8,11
2025-05-20,13,14,17,24,42,1,4
2025-05-23,1,4,5,13,24,4,10
2025-05-27,9,10,16,34,40,9,10
2025-05-30,1,6,16,19,39,3,6
2025-06-03,1,9,10,21,28,4,8
2025-06-06,24,29,30,42,45,5,6
2025-06-10,7,12,19,27,38,2,12
2025-06-13,6,13,14,17,46,6,7
2025-06-17,8,29,30,33,45,7,8
2025-06-20,17,20,21,27,41,1,12
2025-06-24,9,34,36,39,49,2,9
2025-06-27,2,7,21,23,36,5,8
2025-07-01,2,6,30,32,43,9,11
2025-07-04,7,13,19,20,47,3,11
2025-07-08,3,5,21,33,46,2,4
2025-07-11,8,10,20,30,33,5,8
2025-07-15,2,8,10,27,33,6,11
2025-07-18,8,13,19,22,37,4,9
2025-07-22,6,10,19,26,36,5,7
2025-07-25,9,11,37,38,46,2,10
2025-07-29,1,8,17,31,50,2,9
2025-08-01,4,8,27,28,49,1,5
2025-08-05,7,20,33,44,46,5,11
2025-08-08,6,11,27,42,50,1,3
2025-08-12,11,17,18,34,38,2,3
2025-08-15,21,22,24,32,45,4,11
2025-08-19,6,9,21,38,41,1,3
2025-08-22,4,9,29,31,48,2,10
2025-08-26,6,10,17,33,41,10,11
2025-08-29,4,6,23,36,47,8,9
2025-09-02,7,9,24,34,42,6,10
2025-09-05,5,17,34,36,45,4,11
2025-09-09,1,20,23,44,50,3,10
2025-09-12,1,40,43,48,50,4,9
2025-09-16,15,27,36,47,48,3,9
2025-09-19,8,24,30,41,47,3,8
2025-09-23,7,8,19,21,22,8,9
2025-09-26,13,14,29,34,39,2,9
2025-09-30,1,21,25,45,46,5,11
2025-10-03,5,20,35,44,46,6,8
2025-10-07,1,14,15,23,26,3,6
2025-10-10,5,17,26,30,44,9,11
2025-10-14,6,20,27,31,42,2,4
2025-10-17,16,18,27,33,50,1,3
2025-10-21,21,26,27,34,50,2,6
2025-10-24,2,5,8,20,50,5,12
2025-10-28,6,15,19,26,30,1,4
2025-10-31,13,33,37,47,50,2,3
2025-11-04,1,26,35,40,50,3,11
2025-11-07,4,11,17,35,44,8,10
2025-11-11,1,5,20,27,28,5,8
2025-11-14,3,8,21,31,37,5,11
2025-11-18,4,15,19,31,33,4,5
2025-11-21,11,22,26,42,48,4,8
2025-11-25,17,20,23,32,34,4,9
2025-11-28,11,12,15,23,46,6,11
2025-12-02,17,28,32,42,44,6,10
2025-12-05,4,6,12,28,45,4,5
2025-12-09,2,4,21,31,33,4,9
2025-12-12,2,12,28,42,43,5,12
2025-12-16,8,13,22,30,50,2,6
2025-12-19,4,29,30,36,50,5,10
2025-12-23,12,13,28,30,43,8,11
2025-12-26,5,9,22,23,44,5,12
2025-12-30,5,17,27,44,48,7,10
2026-01-02,3,13,23,33,50,1,8
